Id;type;image;URL;Content;Timestamp;Views (Organic);Impressions (Paid);Reach (Organic);Reach (Paid);Likes;Saved;Comments;Shares;Interactions;Engagement;Posts clicks (Paid);Post Interactions (Paid);Spend
"3679442727351108903_4362698656";"FEED_CAROUSEL_ALBUM";"https://scontent-lhr8-2.cdninstagram.com/v/t51.82787-15/521298448_18362739445146657_458615223703009387_n.jpg?stp=dst-jpg_e35_tt6&_nc_cat=101&ccb=1-7&_nc_sid=18de74&_nc_ohc=xCvYaV_u7mgQ7kNvwE0mD4p&_nc_oc=Adm1TVYBe3ZsqzIB_9XNXOJSqXQIhfL13iU16mo_pAoO-NsLUMVz_5ORYi9hbpIEoSk&_nc_zt=23&_nc_ht=scontent-lhr8-2.cdninstagram.com&edm=AM6HXa8EAAAA&_nc_gid=0U-FEjJGZZf6nFWax0kRPA&oh=00_AfXD4fbaQpuYod8Da-mVcQTn2AtsZKdg622vcWsTlMQ1YA&oe=689A159B";"https://www.instagram.com/p/DMQAap_KEUn/";"HOY CUMPLIMOS 28 A√ëOS DE HISTORIA @techo_org 

Este es el recorrido que nos llev√≥ a construir 150 mil viviendas.
675 mil personas ya no duermen en un piso de tierra.

En 1997 comenzamos con un sue√±o: un grupo de j√≥venes se reuni√≥ para construir viviendas de emergencia para familias afectadas por un gran temporal en Curanilahue, Chile.

As√≠ empezamos. Una familia a la vez. Casa por casa. Barrio por barrio. Empezamos sin saber c√≥mo hacerlo, pero lo descubrimos trabajando codo a codo con las comunidades para generar un cambio real.

En estos 28 a√±os vimos pasar a millones de personas. Personas que dejaron su amor, su esfuerzo y su convicci√≥n, unidas por un mismo sue√±o, en 18 pa√≠ses de Am√©rica Latina.

üá¶üá∑ En 22 a√±os de TECHO Argentina 18.588 familias viven en un espacio m√°s digno y seguro. 

Y seguimos. Porque nuestro sue√±o para 2030 est√° m√°s vivo que nunca:
lograr que un mill√≥n de personas en Latinoam√©rica y el Caribe dejen de dormir en un piso de tierra.";2025-07-18 10:02;"9610";;"2630";;"188";"6";"2";"6";202;"7.68";;;
"3678946594187367742_4362698656";"FEED_CAROUSEL_ALBUM";"https://scontent-lhr8-2.cdninstagram.com/v/t51.82787-15/520779741_18362667943146657_8386588566127169123_n.jpg?stp=dst-jpg_e35_tt6&_nc_cat=106&ccb=1-7&_nc_sid=18de74&_nc_ohc=Eip0p6o4LHoQ7kNvwF76a8l&_nc_oc=AdnjG7gruVv6KMAMRhtdq3Ri5qFLyfhRcaVUG6PIZDGAX42Ha1tkS2jPZH6HgYx0XWA&_nc_zt=23&_nc_ht=scontent-lhr8-2.cdninstagram.com&edm=AM6HXa8EAAAA&_nc_gid=0U-FEjJGZZf6nFWax0kRPA&oh=00_AfXlzDytDUwbrE7FPD__raNQbgy2bbMtJZRyuneKBz1xGA&oe=6899E9AF";"https://www.instagram.com/p/DMOPm9-K9U-/";"Este a√±o seguimos innovando e investigando sobre nuevas materialidades y formas para construir una vivienda que crezca con las familias y sea resiliente al cambio clim√°tico. 

üëâüèº Desliz√° para ver los cambios y contanos: ¬øqu√© m√°s te gustar√≠a saber sobre este proceso?";2025-07-17 17:37;"11153";;"3583";;"231";"5";"2";"10";248;"6.92";;;
"3675199087212778282_4362698656";"FEED_CAROUSEL_ALBUM";"https://scontent-lhr8-2.cdninstagram.com/v/t51.82787-15/505437863_18362092075146657_4444631863893414384_n.jpg?stp=dst-jpg_e35_tt6&_nc_cat=106&ccb=1-7&_nc_sid=18de74&_nc_ohc=JvrWDYCFZYwQ7kNvwFLA28C&_nc_oc=Adke-Nb9Luy4BeaXEH8pT8QPLN5Uqu6U5Ih45v70CGYHId3RYVbXSMMhWfHa2jkr-6A&_nc_zt=23&_nc_ht=scontent-lhr8-2.cdninstagram.com&edm=AM6HXa8EAAAA&_nc_gid=0U-FEjJGZZf6nFWax0kRPA&oh=00_AfVhDFjCbvtuwFWKVsCntvg80mLIe0nsm2uOw7G1nNlAKQ&oe=689A07E1";"https://www.instagram.com/p/DMA7hkIKFMq/";"¬°Construimos la vivienda 150.000! ü•∫ü•≥

Este a√±o llegamos a la cifra acumulada de 150.000 viviendas construidas en Latinoam√©rica y El Caribe. Eso significan m√°s de medio mill√≥n de personas que ya no duermen sobre un piso de tierra.

Y este es solo el comienzo. Sumate vos tambi√©n üíô";2025-07-12 13:31;"25931";;"9638";;"777";"14";"15";"38";844;"8.76";;;
"3674493870880820837_4362698656";"FEED_CAROUSEL_ALBUM";"https://scontent-lhr8-1.cdninstagram.com/v/t51.82787-15/504821518_18361983979146657_5718044164418770039_n.jpg?stp=dst-jpg_e35_tt6&_nc_cat=110&ccb=1-7&_nc_sid=18de74&_nc_ohc=YIFq2C_jVmoQ7kNvwGGmWt2&_nc_oc=AdkkvGZffSh1ToRtNpqUqwUFn-gBOA7vg1xDYack7izRT6l24GgwlGQCgDZul2ry5NE&_nc_zt=23&_nc_ht=scontent-lhr8-1.cdninstagram.com&edm=AM6HXa8EAAAA&_nc_gid=0U-FEjJGZZf6nFWax0kRPA&oh=00_AfU8HB9J6n8ZNpxC0svPsjDBSVxAw-HSvN0ErcpWBp3wxw&oe=6899FA52";"https://www.instagram.com/p/DL-bLUPM45l/";"Animate a ser parte. Sumate como voluntario/a üíô

Coment√° ""VOLUNTARIADO"" y te enviamos el link de inscripci√≥n.";2025-07-11 14:10;"14660";;"4859";;"297";"24";"13";"25";359;"7.39";;;
"3671530815246504978_4362698656";"FEED_CAROUSEL_ALBUM";"https://scontent-lhr8-2.cdninstagram.com/v/t51.82787-15/516251740_18361521787146657_6294100103514584352_n.jpg?stp=dst-jpg_e35_tt6&_nc_cat=101&ccb=1-7&_nc_sid=18de74&_nc_ohc=Ba2oEF53EeUQ7kNvwGPaW0C&_nc_oc=AdmKZULXOpG8GWJfA2WDc0Jiiyzpe7YV8Sfef0wkdZ6hEROI9YH8lxteewcx8tGfr8s&_nc_zt=23&_nc_ht=scontent-lhr8-2.cdninstagram.com&edm=AM6HXa8EAAAA&_nc_gid=0U-FEjJGZZf6nFWax0kRPA&oh=00_AfWxIykX4iSPPPTXQkyQs0J2wWwlro-v1Ec76tn9zlPDPg&oe=6899F503";"https://www.instagram.com/p/DLz5dLoqxQS/";"Construimos 150 mil viviendas. Transformamos 675 mil vidas. 

Cuando preguntamos a las familias c√≥mo se sent√≠an antes y despu√©s de recibir una vivienda de TECHO la respuesta fue clara:
cambia el descanso, cambia la salud, cambia la vida.

üí¨ M√°s del 90% de las personas dice sentirse bien o muy bien en su nueva vivienda.
üí§ El 99% duerme mejor en noches de lluvias.
üß† Disminuyen los niveles de estr√©s y el uso de medicaci√≥n por ansiedad y depresi√≥n.
ü´Ç Se fortalecen los lazos comunitarios, la confianza en los liderazgos locales y la sensaci√≥n de no estar solas.
üè° Y lo m√°s importante: el 97% de las familias afirma que hoy est√° mejor que antes.

Para que no haya una persona sin un techo digno,
hoy ya hemos construido 150.000 viviendas
en diferentes comunidades de Am√©rica Latina y el Caribe.

Y este es solo el comienzo.

* Datos del informe M√°s all√° de un TECHO - TECHO Paraguay (2024).";2025-07-07 12:03;"12577";;"4203";;"197";"13";;"16";226;"5.38";;;
"3671061796428580136_4362698656";"FEED_CAROUSEL_ALBUM";"https://scontent-lhr8-1.cdninstagram.com/v/t51.82787-15/514518715_18361439863146657_8198831301089724869_n.jpg?stp=dst-jpg_e35_tt6&_nc_cat=109&ccb=1-7&_nc_sid=18de74&_nc_ohc=ld2kqAGL3OcQ7kNvwF7gK5D&_nc_oc=AdknabfXZoYlStSvJuzvqigd1oVSmA1NChpku1HMSUPnfy0rXPtgHgGLt5LYkN_OQKI&_nc_zt=23&_nc_ht=scontent-lhr8-1.cdninstagram.com&edm=AM6HXa8EAAAA&_nc_gid=0U-FEjJGZZf6nFWax0kRPA&oh=00_AfWT0xo1rACy5TLY6nzGBWECXJYUwie98lJrH8haF80a1Q&oe=689A20CF";"https://www.instagram.com/p/DLyO0D0ogUo/";"‚õàÔ∏è Si cada vez que llueve se te mojan tus cosas, tu cama, tu ropa, la lluvia deja de ser un momento relax.

M√°s de 5 millones de personas viven en barrios populares con viviendas que no soportan estas condiciones clim√°ticas.

Si esta realidad te incomoda, podes sumarte a construir una mejor. Anotate como voluntario/a en el link de nuestra bio. 

#LaRealidadEst√°Cantada #TECHO #Voluntariado";2025-07-06 20:31;"14759";;"5238";;"193";"8";;"13";214;"4.09";;;
"3665144708418173914_4362698656";"FEED_IMAGE";"https://scontent-lhr8-2.cdninstagram.com/v/t51.75761-15/513827665_18360524089146657_5051538892995961303_n.jpg?stp=dst-jpg_e35_tt6&_nc_cat=106&ccb=1-7&_nc_sid=18de74&_nc_ohc=yy816u427ZcQ7kNvwG2FHxN&_nc_oc=AdkARmqR1bjNKufqRRI22jdOP1YswcAygaUCXJZ8cQqq3fPCc8La_t-iKAxTpfR0Eak&_nc_zt=23&_nc_ht=scontent-lhr8-2.cdninstagram.com&edm=AM6HXa8EAAAA&_nc_gid=0U-FEjJGZZf6nFWax0kRPA&oh=00_AfUpzsjN4wguSD3LsEM45ZJeBUQJ-HRwvg5yZ_5KZ5T63g&oe=689A098A";"https://www.instagram.com/p/DLdNbGLqvva/";"‚ú® Transformar la realidad es posible cuando cada persona puede ser, amar y habitar con orgullo.

En TECHO creemos en el respeto y el cuidado mutuo. En los barrios populares y en cada espacio de voluntariado, buscamos crear entornos seguros donde todas las personas puedan expresarse con libertad y orgullo.

So√±amos con una sociedad donde tengamos las mismas condiciones para vivir con igualdad y dignidad.

üéµ ‚ÄúSoy quien encuentra la libertad, con la fuerza de la verdad. Una historia real. Soy lo que ves.‚Äù

üåà #Orgullo #Diversidad #LGBTIQ+ #DiaDelOrgullo";2025-06-28 16:35;"14248";;"5646";;"195";"2";"2";"13";212;"3.75";;;
"3664381161387873505_4362698656";"FEED_CAROUSEL_ALBUM";"https://scontent-lhr8-1.cdninstagram.com/v/t51.82787-15/509633731_18360404728146657_7363659584223683548_n.jpg?stp=dst-jpg_e35_tt6&_nc_cat=109&ccb=1-7&_nc_sid=18de74&_nc_ohc=sKYz54tbQDwQ7kNvwHLjLN-&_nc_oc=AdkSOSOn87iNdFDLi1QEGI8D4_z7Q7XewRVb1J8ilbRigjU5xR6U9zrU_uRG5dQIj7Y&_nc_zt=23&_nc_ht=scontent-lhr8-1.cdninstagram.com&edm=AM6HXa8EAAAA&_nc_gid=0U-FEjJGZZf6nFWax0kRPA&oh=00_AfV57hlcCEkWa1iy44fDRjrmhEa5sucBjuPe5SngwZyLHg&oe=6899FE7D";"https://www.instagram.com/p/DLaf0BmKFTh/";"¬øQu√© canci√≥n te mueve a construir otra realidad? ‚èØ

Agregala a nuestra playlist colaborativa y sumate como voluntario/a desde el link en nuestro perfil. ¬°Te esperamos! ‚öíÔ∏èüè°

#LaRealidadEst√°Cantada #TECHO #Voluntariado";2025-06-27 15:18;"12568";;"2591";;"100";"7";"1";"3";111;"4.28";;;
"3663694597225939657_4362698656";"FEED_CAROUSEL_ALBUM";"https://scontent-lhr8-1.cdninstagram.com/v/t51.82787-15/505146071_18360293572146657_900135651853450849_n.jpg?stp=dst-jpg_e35_tt6&_nc_cat=108&ccb=1-7&_nc_sid=18de74&_nc_ohc=rVRcPMMvXlIQ7kNvwHJTFTh&_nc_oc=Adkzkn__7Uj0XPdKC7ajmyNJgzcgnt5DZEyiJXP6TcBw7MyJ83NgJBE5wbP5oCq4Ka8&_nc_zt=23&_nc_ht=scontent-lhr8-1.cdninstagram.com&edm=AM6HXa8EAAAA&_nc_gid=0U-FEjJGZZf6nFWax0kRPA&oh=00_AfXJWdzqDpwDUL9ZmZg56siJ13k4QG72Fgv2vutGVyJ3sA&oe=689A166D";"https://www.instagram.com/p/DLYDtM5K4LJ/";"Si tenes ganas de rockearla los findes te proponemos este plan: construir una vivienda de emergencia en 48hs. Ven√≠ a vivir la experiencia de cambiar una realidad, coment√° ""voluntariado"" y te enviamos el link! ü§òüèº

#LaRealidadEst√°Cantada #TECHO #Voluntariado #ROCK";2025-06-26 16:34;"16579";;"5270";;"252";"9";"5";"16";282;"5.35";;;
"3663694520856024586_4362698656";"FEED_CAROUSEL_ALBUM";"https://scontent-lhr6-2.cdninstagram.com/v/t51.82787-15/510480793_18360293536146657_1496304075789474772_n.jpg?stp=dst-jpg_e35_tt6&_nc_cat=102&ccb=1-7&_nc_sid=18de74&_nc_ohc=f3N3UvrzvTgQ7kNvwEcy6fa&_nc_oc=AdlwXD3HSzPPxZgjqTH4MeE4PfJi7l-PEbVQ3aPBKknsv7tityvwmUEmAVNG6V4v2mk&_nc_zt=23&_nc_ht=scontent-lhr6-2.cdninstagram.com&edm=AM6HXa8EAAAA&_nc_gid=0U-FEjJGZZf6nFWax0kRPA&oh=00_AfUsI3_ccjwko34kej4Pm5ejnXMgIeV9zz-upiGOydeOHA&oe=689A1C28";"https://www.instagram.com/p/DLYDsFxKxYK/";"Donde est√°n los/as swifties? üíõ Para ponerle m√°s ritmo a los findes tenemos la actividad perfecta para ustedes. 

Si tenes ganas de sumarte coment√° ""Voluntariado"" y te enviamos el link de inscripci√≥n!

#LaRealidadEst√°Cantada #Voluntariado #TECHO #POP";2025-06-26 16:34;"15687";;"5204";;"259";"6";"5";"32";302;"5.8";;;
"3663694433941615528_4362698656";"FEED_CAROUSEL_ALBUM";"https://scontent-lhr8-1.cdninstagram.com/v/t51.82787-15/509721546_18360293521146657_1655384303752818549_n.jpg?stp=dst-jpg_e35_tt6&_nc_cat=108&ccb=1-7&_nc_sid=18de74&_nc_ohc=XruYqVGRaEMQ7kNvwH9eIfc&_nc_oc=Adkhqyrxxd5RoMB06Wkl8asJn9nl7PIY_5e9F0mWsqqs2GiXj2XxWXEOy95786dSqBw&_nc_zt=23&_nc_ht=scontent-lhr8-1.cdninstagram.com&edm=AM6HXa8EAAAA&_nc_gid=0U-FEjJGZZf6nFWax0kRPA&oh=00_AfWsOxhmli8aGHjPevFME0T9VrN1IBQ-moSgyWWqIIiRWA&oe=689A0FE4";"https://www.instagram.com/p/DLYDq00qnOo/";"Si te gusta el indie, esta es la actividad perfecta para vos üíö
Coment√° ""Voluntariado"" y te mandamos el link de inscripci√≥n!

#LaRealidadEst√°Cantada #Voluntariado #TECHO";2025-06-26 16:33;"18481";;"6679";;"259";"12";"4";"21";296;"4.43";;;
"3662987233929613904_4362698656";"FEED_CAROUSEL_ALBUM";"https://scontent-lhr8-2.cdninstagram.com/v/t51.82787-15/510463959_18360184624146657_7194138182329710742_n.jpg?stp=dst-jpg_e35_tt6&_nc_cat=101&ccb=1-7&_nc_sid=18de74&_nc_ohc=ya-Uctk0sqcQ7kNvwEdXnNb&_nc_oc=AdnZxLdD9tsXfyinToL0PNB6ssmbynjmilQ4mcE-q_TUya7rWBpYnX3mUFurgP-aoEI&_nc_zt=23&_nc_ht=scontent-lhr8-2.cdninstagram.com&edm=AM6HXa8EAAAA&_nc_gid=0U-FEjJGZZf6nFWax0kRPA&oh=00_AfXC0kEo-hAUs-Ve5ZE_F1ijOm4cAkKQnWKspvyxHM80Zw&oe=689A19AD";"https://www.instagram.com/p/DLVi3tfKlJQ/";"Se vienen las construcciones de julio üè°

Podes inscribirte desde nuestra plataforma actividades.techo.org/argentina (link en bio) o consultar con la sede que tengas m√°s cercana üëáüèº

‚û°Ô∏è @comunidadtecho_rosario
‚û°Ô∏è @comunidadtecho_misiones";2025-06-25 17:08;"21334";;"9009";;"498";"16";"13";"25";552;"6.13";;;
"3659148870336211185_4362698656";"FEED_CAROUSEL_ALBUM";"https://scontent-lhr8-2.cdninstagram.com/v/t51.75761-15/504458540_18359584789146657_4629656360821216119_n.jpg?stp=dst-jpg_e35_tt6&_nc_cat=106&ccb=1-7&_nc_sid=18de74&_nc_ohc=D8mPNcKtQb8Q7kNvwH7d1Tr&_nc_oc=Adkxcu-q0SSaQVX6KoqP0eTzfiLTA7yBX0AF1jfLp2WilAR097Pb1Zp4MiPCU7OqOX8&_nc_zt=23&_nc_ht=scontent-lhr8-2.cdninstagram.com&edm=AM6HXa8EAAAA&_nc_gid=0U-FEjJGZZf6nFWax0kRPA&oh=00_AfUsCg-wiD4fZwrePxUUh3NbVXiZtPBX34j9yvMQVp4_cw&oe=6899F667";"https://www.instagram.com/p/DLH6IK0qWjx/";"La bandera del color de nuestro cielo. Nos une y nos recuerda que el pa√≠s que so√±amos se construye con solidaridad, esfuerzo y compromiso.

Desde TECHO trabajamos todos los d√≠as para que ese pa√≠s sea una realidad: una Argentina sin pobreza, donde nadie viva sobre piso de tierra üá¶üá∑";2025-06-20 10:02;"18771";;"7070";;"637";"7";"8";"12";664;"9.39";;;
"3654232877948365894_4362698656";"FEED_IMAGE";"https://scontent-lhr8-1.cdninstagram.com/v/t51.75761-15/504471454_18358823113146657_6521694047281904444_n.jpg?stp=dst-jpg_e35_tt6&_nc_cat=111&ccb=1-7&_nc_sid=18de74&_nc_ohc=bcZbFnavTpYQ7kNvwGCS0G0&_nc_oc=AdlWJRFMr6LZw_1qppX0hnx5NVVC-sc6xkYZrRR5BcByG3s3lGk8EJzAWQy60epw93U&_nc_zt=23&_nc_ht=scontent-lhr8-1.cdninstagram.com&edm=AM6HXa8EAAAA&_nc_gid=0U-FEjJGZZf6nFWax0kRPA&oh=00_AfVuzOdgV9AVlL856q5Hwsm2CASi8F4dFOLiNzsUYFmkgg&oe=689A0727";"https://www.instagram.com/p/DK2cXEIqmxG/";"üè° ¬°Lo logramos!

Sumamos 1053 nuevos socios y socias en todo el pa√≠s, gracias al compromiso de miles de personas, nuestros aliados y un voluntariado que se moviliz√≥ con fuerza y convicci√≥n.

Con estos aportes, mejoraremos las condiciones de vida de 27 familias que hoy viven en situaci√≥n de emergencia habitacional, avanzando hacia nuestro objetivo anual de que 1000 familias dejen de vivir sobre piso de tierra.

Ampliar esta comunidad no solo transforma vidas:
üíô Tambi√©n nos permite planificar mejor y seguir creciendo como organizaci√≥n en todo el pa√≠s.

Gracias por ser parte. Gracias por creer. Gracias por hacer.

#ElPoderDelHacer #TECHO #ComunidadDeSocios";2025-06-13 15:15;"11410";;"4785";;"313";"10";"8";"10";341;"7.13";;;
"3652029593591378009_4362698656";"FEED_CAROUSEL_ALBUM";"https://scontent-lhr8-1.cdninstagram.com/v/t51.75761-15/504088605_18358448023146657_6490757252973533298_n.webp?stp=dst-jpg_e35_tt6&_nc_cat=107&ccb=1-7&_nc_sid=18de74&_nc_ohc=D5iLT0mUwFYQ7kNvwFPYF7_&_nc_oc=AdlmFoSOUnDjHyDxxQ82Y0DQvsR9EZFuFVLSmB2ckyt0CGZ68uNQrWIBzctSQiUKhpM&_nc_zt=23&_nc_ht=scontent-lhr8-1.cdninstagram.com&edm=AM6HXa8EAAAA&_nc_gid=0U-FEjJGZZf6nFWax0kRPA&oh=00_AfW6325oRGVMMiOA-UESDInMK1bXGhcID1U5ib_LrWvCSw&oe=6899F71A";"https://www.instagram.com/p/DKunZDrOnBZ/";"El equipo m√°s grande de todos ü©µ

Unidos y trabajando por una Argentina donde nadie viva en un piso de tierra üá¶üá∑ #UnGolxUnTecho

Hacete hincha de TECHO y sumate a participar (link en bio)";2025-06-10 14:17;"19801";;"8316";;"537";"10";"2";"69";618;"7.43";;;
"3647133454899318171_4362698656";"FEED_CAROUSEL_ALBUM";"https://scontent-lhr8-2.cdninstagram.com/v/t39.30808-6/503977355_1146384930868424_3839924074033705881_n.jpg?stp=dst-jpg_e35_tt6&_nc_cat=106&ccb=1-7&_nc_sid=18de74&_nc_ohc=OL2w6CrA1TUQ7kNvwEbUmV-&_nc_oc=AdmmvxuxE87o_w9MfuSpd6rv9QZ09_T6LF9WbIu_zak7OKq0b2y6Py3BCL2tKg-aDSw&_nc_zt=23&_nc_ht=scontent-lhr8-2.cdninstagram.com&edm=AM6HXa8EAAAA&_nc_gid=0U-FEjJGZZf6nFWax0kRPA&oh=00_AfUVCeMlTATbjUE5MXEGLvg_VbJDUGsGR2ZZZyB0u4gcgA&oe=6899F7B6";"https://www.instagram.com/p/DKdOI3Lt42b/";"#NiUnaMenos tambi√©n es en los barrios populares.

Sin espacios seguros, sin calles iluminadas y sin acceso a la vivienda, la violencia de g√©nero se profundiza.

Hoy y todos los d√≠as, so√±amos y accionamos por ciudades libres de violencias, donde ser mujer no sea sin√≥nimo de riesgo en ning√∫n barrio.

#3J #DerechoALaCiudad #TECHO

Fuente: Informe TECHO ‚ÄúPercepciones sobre la violencia en barrios populares‚Äù (2021)";2025-06-03 20:10;"18265";;"9488";;"506";"15";"3";"49";573;"6.04";;;
"3644241517010578733_4362698656";"FEED_CAROUSEL_ALBUM";"https://scontent-lhr6-2.cdninstagram.com/v/t51.75761-15/502975676_18357134656146657_1224846497542222343_n.jpg?stp=dst-jpg_e35_tt6&_nc_cat=100&ccb=1-7&_nc_sid=18de74&_nc_ohc=gylFm-CEDCAQ7kNvwFqGb-W&_nc_oc=AdlLFDW9Txq6DG3uVoImZ7HKdAjMY_CwXew8lkssNgE1BbqPHlxAD5MeBZV1k_-luGo&_nc_zt=23&_nc_ht=scontent-lhr6-2.cdninstagram.com&edm=AM6HXa8EAAAA&_nc_gid=0U-FEjJGZZf6nFWax0kRPA&oh=00_AfW2aS1Bdf7ok9jpR0d2AiCFclMb-YvFzNpHTXIsZtXU_Q&oe=689A0D29";"https://www.instagram.com/p/DKS8loJJW0t/";"La vivienda es el comienzo.

En solo 2 d√≠as, construimos viviendas de emergencia junto a familias de barrios populares.
Es una respuesta r√°pida para quienes hoy viven en condiciones cr√≠ticas, muchas veces sobre piso de tierra.

Un primer paso hacia una vida m√°s  segura.";2025-05-30 20:24;"100750";;"60204";;"1863";"85";"54";"319";2321;"3.86";;;
"3643258004038396206_4362698656";"FEED_CAROUSEL_ALBUM";"https://scontent-lhr6-2.cdninstagram.com/v/t39.30808-6/500647923_1142152171291700_3951876505709826283_n.jpg?stp=dst-jpg_e35_tt6&_nc_cat=105&ccb=1-7&_nc_sid=18de74&_nc_ohc=6Qqe3VayCa8Q7kNvwHDmMku&_nc_oc=AdlR8-FU7K5uJag6t2qIAsjU7_oqgjeev5ofNWrPLN0_ih-CQYb-_J3HhPuFeDoJtZw&_nc_zt=23&_nc_ht=scontent-lhr6-2.cdninstagram.com&edm=AM6HXa8EAAAA&_nc_gid=0U-FEjJGZZf6nFWax0kRPA&oh=00_AfVIouN7czFeCWoyyKZdKHlC90WUDXJ7mfqyUuv9SKZdlw&oe=689A16CC";"https://www.instagram.com/p/DKPc9oTzqku/";"Se vienen las construcciones de junio üè° 

Podes inscribirte desde nuestra plataforma actividades.techo.org/argentina (link en bio) o consultar con la sede que tengas m√°s cercana üëáüèº

‚û°Ô∏è @comunidadtecho_cordoba 
‚û°Ô∏è @comunidadtecho_banorte 
‚û°Ô∏è @comunidadtecho_laplata 
‚û°Ô∏è @comunidadtecho_baoeste 

Qui√©n ya tiene los guantes puestos? üß§";2025-05-29 11:50;"22640";;"10665";;"550";"25";"10";"56";641;"6.01";;;
"3640448470061702120_4362698656";"FEED_CAROUSEL_ALBUM";"https://scontent-lhr8-2.cdninstagram.com/v/t51.75761-15/501501087_18356519104146657_4991646769813990215_n.jpg?stp=dst-jpg_e35_tt6&_nc_cat=101&ccb=1-7&_nc_sid=18de74&_nc_ohc=TF5DV1peoPsQ7kNvwG-STUC&_nc_oc=AdmKZFjcL2647cfUwpPAUdo_3iFVjbwMLHvVEadbjiuLE0Op2gOqopa_sHKmdtDDu78&_nc_zt=23&_nc_ht=scontent-lhr8-2.cdninstagram.com&edm=AM6HXa8EAAAA&_nc_gid=0U-FEjJGZZf6nFWax0kRPA&oh=00_AfVtYFI82EC6ZQ9xTqFr0gaCdw3hBj3m4UyU-bTUYAEqZw&oe=6899EA78";"https://www.instagram.com/p/DKFeJh5JFvo/";"Por una patria donde nadie viva sobre un piso de tierra üá¶üá∑

#25demayo #diadelapatria #argentina

üì∏ @gonnza_d @fiogaretto";2025-05-25 14:48;"54781";;"34037";;"1863";"30";"10";"163";2066;"6.07";;;
"3639579055603619417_4362698656";"FEED_CAROUSEL_ALBUM";"https://scontent-lhr8-1.cdninstagram.com/v/t39.30808-6/500063873_1136832995156951_6250774266408850497_n.jpg?stp=dst-jpg_e35_tt6&_nc_cat=108&ccb=1-7&_nc_sid=18de74&_nc_ohc=JeOrbwdvYRIQ7kNvwF8sawQ&_nc_oc=AdkNJMWfzB2lct3XvyPL8q9VXsueZMBa4BUdH9gKYa7ECJ3VFcaL48laqCjAC1Z0Z3Y&_nc_zt=23&_nc_ht=scontent-lhr8-1.cdninstagram.com&edm=AM6HXa8EAAAA&_nc_gid=0U-FEjJGZZf6nFWax0kRPA&oh=00_AfVxH2KNe-tg3D8gpefTDerch2HpjTCkRmKevNHlC5Dfnw&oe=689A206E";"https://www.instagram.com/p/DKCYd4lNJZZ/";"Imaginate esto:

Despu√©s de un d√≠a largo, volv√©s a casa.
Pero no es solo llegar‚Ä¶
Ten√©s que caminar por el barro, esquivando charcos.
Y cuando por fin entr√°s, lo primero que ves es el piso de tierra. Fr√≠a, mojada.
No hay cer√°mica, no hay madera. Hay polvo. Hay huellas. 

Esto no es una historia lejana.
Esto le pasa a miles de familias todos los d√≠as.

Una casa no es solo un techo.
Tambi√©n es una base firme donde construir futuro.

‚û°Ô∏è Sumate a cambiar esta realidad, asociate a TECHO (link en bio).";2025-05-24 10:00;"20385";;"11006";;"656";"13";"3";"18";690;"6.27";;;
"3639004843214062581_4362698656";"FEED_IMAGE";"https://scontent-lhr6-2.cdninstagram.com/v/t39.30808-6/499877463_1135282428645341_2387997454776369357_n.jpg?stp=dst-jpg_e35_tt6&_nc_cat=102&ccb=1-7&_nc_sid=18de74&_nc_ohc=VFouXhonbq8Q7kNvwEwV5l6&_nc_oc=Adk1Ez0gT5V3LbEtZfljfKDyyLFEVdoRn2V3tRS5fFtmdNfMEFZewQsAfbO27m_7s4w&_nc_zt=23&_nc_ht=scontent-lhr6-2.cdninstagram.com&edm=AM6HXa8EAAAA&_nc_gid=0U-FEjJGZZf6nFWax0kRPA&oh=00_AfVhWdVGujWFUqOMzucdBpJhbPYcpZJENrb5laWwXLO8VA&oe=6899F84A";"https://www.instagram.com/p/DKAV5_ns0P1/";"Si hay algo que nos une es la pasi√≥n por ver una Argentina mejor üá¶üá∑

Hacete hincha de TECHO y sumate a transformar realidades üôåüèºüíô #selecci√≥nargentina";2025-05-23 15:00;"14224";;"9015";;"371";"5";"10";"7";393;"4.36";;;
"3634785249179103400_4362698656";"FEED_CAROUSEL_ALBUM";"https://scontent-lhr8-1.cdninstagram.com/v/t51.75761-15/499304735_18355502509146657_2204184076565759252_n.jpg?stp=dst-jpg_e35_tt6&_nc_cat=109&ccb=1-7&_nc_sid=18de74&_nc_ohc=lQih-OelYUgQ7kNvwGyOpr0&_nc_oc=AdlZdM_kOA0-ccbYATFhLe15lqH33dSJIyspgLd0BCo71uXsQX-uc7aIhOV6M0lK4dg&_nc_zt=23&_nc_ht=scontent-lhr8-1.cdninstagram.com&edm=AM6HXa8EAAAA&_nc_gid=0U-FEjJGZZf6nFWax0kRPA&oh=00_AfWDNvcY2lhC1NRNIl1OKquIO9XyGBlP7ESyX_rvVBOAtg&oe=689A0E54";"https://www.instagram.com/p/DJxWe0cJnCo/";"‚ÄºÔ∏è Campa√±a solidaria por las inundaciones en el #AMBA

Podes apoyar a los barrios populares acercando elementos de primera necesidad o hacer una donaci√≥n virtual o transferencia";2025-05-17 19:16;"154609";;"90559";;"960";"47";"5";"474";1486;"1.64";;;
"3629432021739469341_4362698656";"FEED_CAROUSEL_ALBUM";"https://scontent-lhr6-2.cdninstagram.com/v/t39.30808-6/495369757_1127469932759924_1637819013393689134_n.jpg?stp=dst-jpg_e35_tt6&_nc_cat=104&ccb=1-7&_nc_sid=18de74&_nc_ohc=cBz9RcGcorYQ7kNvwGmK8xd&_nc_oc=AdktFY67abhfLuTEmP_2ItebPzWjG4AwMmmXZ7cqRlpGr-ZCXdQIYInNlPo36SlK6Fo&_nc_zt=23&_nc_ht=scontent-lhr6-2.cdninstagram.com&edm=AM6HXa8EAAAA&_nc_gid=0U-FEjJGZZf6nFWax0kRPA&oh=00_AfUbtCKGhQ7CcfzO2v4suPvTff88yOJo8swdGcv1Nq8BFw&oe=6899F78F";"https://www.instagram.com/p/DJeVTG4NXod/";"La vivienda es el espacio donde construimos nuestro hogar y so√±amos nuestro
futuro. Es el primer paso para una transformaci√≥n de vida. 

üè° Nuestro principal proyecto es acercar a las familias a una vivienda adecuada.

üíô Juntos podemos seguir construyendo un futuro m√°s justo para muchas familias.

Sumate como socio/a de TECHO en el link de nuestra bio.";2025-05-10 10:00;"11307";;"6329";;"467";"6";"6";"6";485;"7.66";;;
"3622388689904780278_4362698656";"FEED_CAROUSEL_ALBUM";"https://scontent-lhr8-2.cdninstagram.com/v/t51.75761-15/491441150_18353505931146657_925567513766328662_n.jpg?stp=dst-jpg_e35_tt6&_nc_cat=106&ccb=1-7&_nc_sid=18de74&_nc_ohc=ywgIaZ1QOlQQ7kNvwGGwHYO&_nc_oc=AdkWDxZEUj0lDdCq5VsKDTRVZU1FEeV4vR1NuHRPVeQ2Fwsmex65tzQMNvphhjXi-Bg&_nc_zt=23&_nc_ht=scontent-lhr8-2.cdninstagram.com&edm=AM6HXa8EAAAA&_nc_gid=0U-FEjJGZZf6nFWax0kRPA&oh=00_AfX6gAamGDUpx8hplpljHUI1LnrQVL5CB12LmrW1IE7yRQ&oe=689A023E";"https://www.instagram.com/p/DJFT1I8KsP2/";"Esto no es ciencia ficci√≥n.

üá¶üá∑ Si hay algo que nos une a los argentinos es la pasi√≥n por contarnos historias. Y en cada relato, lo que siempre brilla es nuestra historia com√∫n y la fuerza de unirnos para salir adelante.

ü´±üèº‚Äçü´≤üèΩ Nuestro trabajo es posible gracias a la comunidad que construimos juntos. 

‚û°Ô∏è Asociate a TECHO y construyamos la argentina que queremos (link en bio).

#eternauta #construyendoencomunidad #historieta";2025-04-30 16:46;"61267";;"33465";;"2441";"80";"6";"109";2636;"7.88";;;
"3621664283549843594_4362698656";"FEED_CAROUSEL_ALBUM";"https://scontent-lhr8-2.cdninstagram.com/v/t39.30808-6/494644264_1119770260196558_361777506396422337_n.jpg?stp=dst-jpg_e35_tt6&_nc_cat=106&ccb=1-7&_nc_sid=18de74&_nc_ohc=dZHxC0ZHtKwQ7kNvwGD6k9l&_nc_oc=AdnvXy3HnlFO1PNpN6G5IOwJkwuUPu6z_bSsRld3JTVlgNnWyG41V5e3wFF9AC6Gu3c&_nc_zt=23&_nc_ht=scontent-lhr8-2.cdninstagram.com&edm=AM6HXa8EAAAA&_nc_gid=0U-FEjJGZZf6nFWax0kRPA&oh=00_AfU-Cq_MgM6crBSA0cEQtcq4TrSrMZhParCxI3C9yhaDpA&oe=689A096A";"https://www.instagram.com/p/DJCvHo8tUCK/";"Ella es Flavia, vecina de Concordia, Entre R√≠os. 

Hoy, Flavia y su familia tienen una nueva vivienda. Como ella, muchas otras familias acceden a un techo gracias al compromiso de muchas personas:

voluntarios y voluntarias que construyen,
socios y socias que hacen posible el financiamiento,
vecinos y vecinas que se suman en la log√≠stica.

TECHO ES COMUNIDAD üíô y vos tambi√©n podes ser parte!

‚û°Ô∏è Con tu aporte econ√≥mico podemos seguir construyendo viviendas de emergencia en barrios populares. 

Sumate desde el link en nuestro perfil.";2025-04-29 16:47;"14367";;"7205";;"674";"3";"5";"26";708;"9.83";;;
"3617241336841749361_4362698656";"FEED_IMAGE";"https://scontent-lhr8-2.cdninstagram.com/v/t39.30808-6/493230178_1115243980649186_5817988177457658875_n.jpg?stp=dst-jpg_e35_tt6&_nc_cat=106&ccb=1-7&_nc_sid=18de74&_nc_ohc=25WZA3Qj2gMQ7kNvwFYXcPN&_nc_oc=Admd5307ttrAiMeqkcLNIxmefczN2q7VCjUa-L3fggpipuUYaXKKSNpIR2epBhOAusg&_nc_zt=23&_nc_ht=scontent-lhr8-2.cdninstagram.com&edm=AM6HXa8EAAAA&_nc_gid=0U-FEjJGZZf6nFWax0kRPA&oh=00_AfVhRKqhC1xLF8_js0AfnJlOcHiO87LAeSE0fyHpvi1o2A&oe=689A0591";"https://www.instagram.com/p/DIzBdS1T8Nx/";"Querida comunidad üíô ùóõùóºùòÜ ùòÅùó≤ùóªùó≤ùó∫ùóºùòÄ ùòÇùóª ùóºùóØùó∑ùó≤ùòÅùó∂ùòÉùóº ùòÇùóøùó¥ùó≤ùóªùòÅùó≤: 
üëâ Sumar 1.100 socios y socias para construir 1.000 viviendas durante 2025.

üè° Tu aporte mensual es lo que hace posible que sigamos construyendo: que las cuadrillas de voluntarios se movilicen, que las herramientas lleguen, que m√°s familias accedan a una vivienda digna.

‚û°Ô∏è Asociate a TECHO y hace tu donaci√≥n (link en bio)";2025-04-23 14:19;"18079";;"11311";;"371";"18";"15";"46";450;"3.98";;;
"3612958325993516386_4362698656";"FEED_CAROUSEL_ALBUM";"https://scontent-lhr8-2.cdninstagram.com/v/t51.75761-15/491414325_18352082512146657_6286892871937546974_n.jpg?stp=dst-jpg_e35_tt6&_nc_cat=101&ccb=1-7&_nc_sid=18de74&_nc_ohc=FZyShHbzBzUQ7kNvwGQcBCj&_nc_oc=Adn1WD1RHf5QrLavRL8dFmv3p62Wme2uefwO_FVLJkqTj9AEMtV2zimxPffjoyrz81w&_nc_zt=23&_nc_ht=scontent-lhr8-2.cdninstagram.com&edm=AM6HXa8EAAAA&_nc_gid=0U-FEjJGZZf6nFWax0kRPA&oh=00_AfWp6hhH5uoGseG7MYZCnbNijtgySoB_ODwyN-WsgMS-2w&oe=689A1DAF";"https://www.instagram.com/p/DIjznSJIi1i/";"Asociate a TECHO y hagamos que esta comunidad sea cada vez m√°s grande üíô

Ingres√° al link en nuestro perfil y sum√° tu donaci√≥n mensual para que m√°s familias tengan acceso a una vivienda digna üè°";2025-04-17 16:30;"10391";;"5415";;"343";"10";"1";"22";376;"6.94";;;
"3606239076379118862_4362698656";"FEED_CAROUSEL_ALBUM";"https://scontent-lhr8-1.cdninstagram.com/v/t39.30808-6/487793339_1096149119225339_4479292559272905348_n.jpg?stp=dst-jpg_e35_tt6&_nc_cat=111&ccb=1-7&_nc_sid=18de74&_nc_ohc=-i2GeQXq18EQ7kNvwH89K6h&_nc_oc=AdkAyNjp715lYADCEH7qyKCzmJ1k4dKet0ZzlXH1XM8V4Ynx14VDtvLclTpwJD2I6sU&_nc_zt=23&_nc_ht=scontent-lhr8-1.cdninstagram.com&edm=AM6HXa8EAAAA&_nc_gid=0U-FEjJGZZf6nFWax0kRPA&oh=00_AfWHUyVKivY0Oqx6M1zBv1ZK-kAIjSi5IKedD8UnBQyMBw&oe=6899EBBA";"https://www.instagram.com/p/DIL71VStc0O/";"La importancia de aprender haciendo ‚öíÔ∏è

üëâ Creemos en el trabajo colaborativo y el aprendizaje constante. Por eso motivamos el espacio de construcci√≥n como un encuentro multidisciplinario para seguir construyendo en comunidad.

Para m√°s informaci√≥n escribinos a secundarios.argentina@techo.org üôå

#construcci√≥n #secundarios #egresados #aprendizaje #docentes";2025-04-08 10:00;"12662";;"7314";;"389";"34";;"54";477;"6.52";;;
"3601165584696545557_4362698656";"FEED_CAROUSEL_ALBUM";"https://scontent-lhr8-2.cdninstagram.com/v/t39.30808-6/487453801_1096109575895960_5345473839737528066_n.jpg?stp=dst-jpg_e35_tt6&_nc_cat=103&ccb=1-7&_nc_sid=18de74&_nc_ohc=WJ4ZhPOf66oQ7kNvwG10nlQ&_nc_oc=Adl8zxE0NuiFShqBu9-UC1m6g1ow_N8DtdS_8qHE2UxW0YR6b94kkRXjNwV_VcFUc6g&_nc_zt=23&_nc_ht=scontent-lhr8-2.cdninstagram.com&edm=AM6HXa8EAAAA&_nc_gid=0U-FEjJGZZf6nFWax0kRPA&oh=00_AfXoLGFgwC8gq1l2Lt3MyTRizgKXUogsF_kcW_1txWYLPA&oe=6899F772";"https://www.instagram.com/p/DH56QT9MxEV/";"Para construir ciudades m√°s resilientes y saludables, todos sus habitantes deben contar con el mismo acceso a bienes y servicios b√°sicos que aseguren condiciones de vida digna. De lo contrario la vulnerabilidad frente a los efectos de la crisis clim√°tica se agudiza.

Lee m√°s sobre el informe que realizamos junto con @jovenesporelclimarg üî∞‚ÄúResiliencia clim√°tica en barrios populares‚Äù (link en bio)";2025-04-01 10:00;"7652";;"3618";;"229";"12";;"14";255;"7.05";;;
"3596998127166698879_4362698656";"FEED_CAROUSEL_ALBUM";"https://scontent-lhr6-2.cdninstagram.com/v/t39.30808-6/484107170_1085794316927486_4233441406877459551_n.jpg?stp=dst-jpg_e35_tt6&_nc_cat=105&ccb=1-7&_nc_sid=18de74&_nc_ohc=5BgBTrSOrNsQ7kNvwFZCWAz&_nc_oc=Adl_mZ_zGXTUYQibM5mgEdYeELLASRwXr3OmBzUhIBMuMB4GDHMt6QM5tSeX2VH0WF0&_nc_zt=23&_nc_ht=scontent-lhr6-2.cdninstagram.com&edm=AM6HXa8EAAAA&_nc_gid=0U-FEjJGZZf6nFWax0kRPA&oh=00_AfUbEtHlODjB-e0iTIfAfYBLsjAjWQvfkq2PDRZSg08SuA&oe=689A0930";"https://www.instagram.com/p/DHrGr0rhDV_/";"Vinimos a hackear la web üñ•Ô∏èüñ±Ô∏è

Creemos que es posible construir un mundo m√°s justo para todos y por eso pensamos algunas herramientas para el d√≠a a d√≠a ü§ì Qu√© otras sumamos?

#desinformacion #fragmentacion #fakenews #violencia #encuentros";2025-03-26 16:00;"9065";;"5191";;"242";"5";;"13";260;"5.01";;;
"3594642580902754271_4362698656";"FEED_CAROUSEL_ALBUM";"https://scontent-lhr8-1.cdninstagram.com/v/t39.30808-6/490389618_1104995118340739_3715823395380972722_n.jpg?stp=dst-jpg_e35_tt6&_nc_cat=108&ccb=1-7&_nc_sid=18de74&_nc_ohc=qp0qQsqA8IkQ7kNvwE9Mx-v&_nc_oc=AdnOhix7Q15ziIBLDriBx0HkgL1ffQbyuuVZOa0ghhNrlOglyY3h9MOEhrRFLkV5Lvw&_nc_zt=23&_nc_ht=scontent-lhr8-1.cdninstagram.com&edm=AM6HXa8EAAAA&_nc_gid=0U-FEjJGZZf6nFWax0kRPA&oh=00_AfVMCcgOXqoQtjSksqJsBTBbebL2qn9_3Z05Z4YatnIDbQ&oe=6899F433";"https://www.instagram.com/p/DHivGHRM7ff/";"Si quer√©s hacer una actividad distinta con tu familia, este es el lugar ü©∑

üè° Trabajamos acompa√±ando familias que necesitan una vivienda digna, porque creemos que es el primer paso para una transformaci√≥n de vida. La vivienda es el espacio donde construimos nuestro hogar y so√±amos nuestro futuro.

Si te interesa ser parte coment√° ""FAMILIAS"" te compartimos m√°s informaci√≥n üì©

#voluntariadofamiliar";2025-03-23 10:00;"14770";;"8138";;"460";"19";"19";"25";523;"6.43";;;
"3591368835286298905_4362698656";"FEED_IMAGE";"https://scontent-lhr8-1.cdninstagram.com/v/t51.75761-15/484230584_18348862087146657_224753670245883505_n.jpg?stp=dst-jpg_e35_tt6&_nc_cat=110&ccb=1-7&_nc_sid=18de74&_nc_ohc=uL7OUhpGzAEQ7kNvwGrH9tz&_nc_oc=AdnjFTHLFn7vceEm4tfKDoTNYUBoPOBQadjLA2PwHcPfgwMJxrqRtsMBGMHcmF2mSgM&_nc_zt=23&_nc_ht=scontent-lhr8-1.cdninstagram.com&edm=AM6HXa8EAAAA&_nc_gid=0U-FEjJGZZf6nFWax0kRPA&oh=00_AfUOrQfWDk9eVoRMYcvI8hbGBnqoUY_YOEjTBbrwyCtWAw&oe=6899F16C";"https://www.instagram.com/p/DHXGu2EpfEZ/";"PONEMOS LA PASI√ìN EN ACCION JUNTO A @afa.oficial üá¶üá∑ ‚öΩÔ∏èüè†

Nos unimos para acompa√±ar a familias en barrios populares de Argentina a salir de la emergencia habitacional. 

‚úÖ Como primera iniciativa, lanzamos #UnGolXUnTecho en 2025, por cada gol de la  @afaseleccion se donar√° una vivienda de TECHO para familias en emergencia habitacional.

‚úÖ Las primeras acciones estar√°n destinadas a las familias afectadas por el temporal en #bahiablanca 

‚úÖ Esta alianza tendr√° alcance en todo el pa√≠s e impulsar√° acciones de sensibilizaci√≥n, recaudaci√≥n y movilizaci√≥n de juventudes.

Porque en Argentina, ninguna familia deber√≠a vivir sobre un piso de tierra. üíô #UnGolXUnTecho #TECHO #AFA";2025-03-18 21:35;"61322";;"47056";;"1254";"41";"37";"121";1453;"3.09";;;
"3590595886707880541_4362698656";"FEED_CAROUSEL_ALBUM";"https://scontent-lhr8-1.cdninstagram.com/v/t39.30808-6/489700173_1104978145009103_3023326602954818754_n.jpg?stp=dst-jpg_e35_tt6&_nc_cat=109&ccb=1-7&_nc_sid=18de74&_nc_ohc=11VBNoq5Ox0Q7kNvwH4ZarN&_nc_oc=Adny7tEzc1U9g-UKVQZfanMBzEbJ_Zw1BCiCIj9hgjIE9jnaxrVays_wtyR0nZ1hW0Q&_nc_zt=23&_nc_ht=scontent-lhr8-1.cdninstagram.com&edm=AM6HXa8EAAAA&_nc_gid=qsmsKvwBrbGjFuEEfoVqUA&oh=00_AfUNixPl8FufYtb-Ks2QnyxZyrt934H1eE14EnfK1x2TQg&oe=6898B274";"https://www.instagram.com/p/DHUW-9nM7Jd/";"Si ten√≠as dudas sobre qu√© significa ser voluntario/a ac√° est√°n todas las respuestas! Bueno, al menos algunas üëÄ 

‚û°Ô∏è Si quer√©s sumarte coment√° ""Voluntariado"" + la provincia en la que viv√≠s y te escribimos por privado üì©

 Ô∏è‚Äçüì≤Tambi√©n podes inscribirte desde nuestra plataforma de actividades.techo.org/argentina";2025-03-17 20:00;"48454";;"31776";;"985";"176";"189";"183";1533;"4.82";;;
"3588270687119267536_4362698656";"FEED_CAROUSEL_ALBUM";"https://scontent-lhr8-1.cdninstagram.com/v/t39.30808-6/484181361_1082762450564006_1376278493180693682_n.jpg?stp=dst-jpg_e35_tt6&_nc_cat=111&ccb=1-7&_nc_sid=18de74&_nc_ohc=_aDLJYhSsPEQ7kNvwFqJN9E&_nc_oc=AdmmoeiZZz6KmEBcDAwgaEz0l3FNaknUq1nSl5jem8i_7kYUD4e1WCWazz4aJJNpXpY&_nc_zt=23&_nc_ht=scontent-lhr8-1.cdninstagram.com&edm=AM6HXa8EAAAA&_nc_gid=32v4RJavfa95adFXzA8pQg&oh=00_AfUMsI7Fp-3-fMp-VhOVt7KGrHPGiS5xRoKaRSMU2-gsSQ&oe=68976F4B";"https://www.instagram.com/p/DHMGS2vsNbQ/";"üè°üíô Arranca la primera construcci√≥n del a√±o‚Ä¶ ¬°y es nacional! üá¶üá∑ 

Este fin de semana, m√°s de 150 personas vamos a construir viviendas con ba√±o en Z√°rate, junto a familias que hoy no tienen un hogar seguro.
Gracias a @softys.la por hacer esto posible.

üöÄ ¬øQuer√©s sumarte a las pr√≥ximas?
Coment√° ""CONSTRUIR"" y te mandamos el calendario con todas las construcciones del a√±o. ‚ú®";2025-03-14 15:00;"19315";;"9916";;"947";"16";"53";"25";1041;"10.5";;;
"3586864026895557128_4362698656";"FEED_CAROUSEL_ALBUM";"https://scontent-lhr6-2.cdninstagram.com/v/t39.30808-6/490571807_1104948818345369_3028727271664425680_n.jpg?stp=dst-jpg_e35_tt6&_nc_cat=100&ccb=1-7&_nc_sid=18de74&_nc_ohc=c_dN3sVI6yoQ7kNvwFtjB5o&_nc_oc=Adlf-v5qPgo56nVp4E3bG7tenSS-x5P2Wuah0urlEJyYrQe2cUCx9kmy4yhus0NuyDY&_nc_zt=23&_nc_ht=scontent-lhr6-2.cdninstagram.com&edm=AM6HXa8EAAAA&_nc_gid=32v4RJavfa95adFXzA8pQg&oh=00_AfXPrL2hD_bWSL5Rt6O6S-0YjL4M8EWKRmpQMb483IQGsA&oe=68976135";"https://www.instagram.com/p/DHHGdQUvKII/";"TECHO ES COMUNIDAD üíô y queremos que seas parte!

‚û°Ô∏è Con tu aporte econ√≥mico podemos seguir trabajando en barrios populares, construyendo viviendas de emergencia para aquellas personas que hoy viven en un piso de tierra.

Sumate desde el link en nuestro perfil o ingres√° a argentina.techo.org/hazte-socio-a/";2025-03-12 16:25;"15231";;"8378";;"311";"10";"4";"28";353;"4.21";;;
"3586193742998233418_4362698656";"FEED_CAROUSEL_ALBUM";"https://scontent-lhr6-2.cdninstagram.com/v/t51.75761-15/483828885_18347972518146657_5445157824901866650_n.jpg?stp=dst-jpg_e35_tt6&_nc_cat=104&ccb=1-7&_nc_sid=18de74&_nc_ohc=kh8S0MFRto8Q7kNvwHlaAYS&_nc_oc=AdnizN1kuq1bOjUG-xanNGhrBTpMTeA5zEM5T7EflpV5IEM9gzfhhjUUXxhg7nK21ac&_nc_zt=23&_nc_ht=scontent-lhr6-2.cdninstagram.com&edm=AM6HXa8EAAAA&_nc_gid=32v4RJavfa95adFXzA8pQg&oh=00_AfWdkG7nPvNG3BCWpbWCbx9Rh0mi6GZ_58Fc4AUE3L0TOw&oe=68975134";"https://www.instagram.com/p/DHEuDVzI2FK/";"üî¥ La ciudad de #Bah√≠aBlanca sigue en emergencia tras el temporal. Es por esto que creemos necesario unirnos en comunidad para ayudar de manera inmediata a quienes fueron afectados.

Podes donar por transferencia a @municipiobahia @sifundacion @cruzrojaarg o acercar donaciones materiales a los puntos de recolecci√≥n de @redsolidaria y @ocalogistica. 

#Bah√≠aBlanca #inundaciones #crisisclimatica";2025-03-11 18:13;"87854";;"64821";;"619";"21";"10";"251";901;"1.39";;;
"3583783979591280575_4362698656";"FEED_CAROUSEL_ALBUM";"https://scontent-lhr8-1.cdninstagram.com/v/t51.75761-15/482710761_18347558767146657_7711250905350998743_n.jpg?stp=dst-jpg_e35_tt6&_nc_cat=107&ccb=1-7&_nc_sid=18de74&_nc_ohc=omTBAbQJ8HEQ7kNvwHD9xkV&_nc_oc=AdmdlXC6Ok8GjdQunpX3X7YJgViN6PFtCoMhYs0zv2qiWoDZ4HZvIF02kcb1Zz3cI1k&_nc_zt=23&_nc_ht=scontent-lhr8-1.cdninstagram.com&edm=AM6HXa8EAAAA&_nc_gid=32v4RJavfa95adFXzA8pQg&oh=00_AfXlFjHf7lV1SQtWzRHgPkFkw6ulDkDSz1vX_seN03HOXA&oe=68977782";"https://www.instagram.com/p/DG8KIqvRie_/";"Este #8M decimos fuerte y claro: violencia es vivir en barrios sin acceso a derechos b√°sicos. Violencia es que la pobreza y el g√©nero definan c√≥mo y d√≥nde vivimos.

En TECHO, somos muchas mujeres las que movemos esta organizaci√≥n: trabajadoras, voluntarias y vecinas que todos los d√≠as transformamos realidades. Y sabemos que esas desigualdades nos atraviesan y nos duelen el doble.

Por eso, hoy y siempre, so√±amos y accionamos para lograr ciudades justas y libres de violencias. Porque construir un barrio digno, tambi√©n es construir un presente sin violencia de g√©nero. üíú

#8M #DiaInternacionalDeLaMujer #DerechoALaCiudad #TECHO 

Fuentes: Informe TECHO ‚ÄúPercepciones sobre la violencia en barrios populares‚Äù 2021; RENABAP";2025-03-08 10:26;"50650";;"33634";;"828";"49";"6";"182";1065;"3.17";;;
"3563553032119947920_4362698656";"FEED_CAROUSEL_ALBUM";"https://scontent-lhr6-2.cdninstagram.com/v/t51.2885-15/476821584_973319251410583_794220359801716459_n.jpg?stp=dst-jpg_e35_tt6&_nc_cat=100&ccb=1-7&_nc_sid=18de74&_nc_ohc=DBXKTBcjLLUQ7kNvwEg_fOs&_nc_oc=AdlFJw3Fj-tAlvfT0CHVZ02ALaiRl6Y5kPwsL_UxVWj-ZPjCpVmHrk_mhkDY_0ZhM2U&_nc_zt=23&_nc_ht=scontent-lhr6-2.cdninstagram.com&edm=AM6HXa8EAAAA&oh=00_AfXOwtfuXmIN7p7i2R4V-0Ckoj__PfaUD1hOGqmp4BAZRQ&oe=68977530";"https://www.instagram.com/p/DF0SJopxpKQ/";"Una de las consecuencias del cambio clim√°tico es el incremento de la ocurrencia, intensidad y duraci√≥n de eventos clim√°ticos extremos. Esto refuerza las condiciones de vulnerabilidad de los ecosistemas, las ciudades y de quienes los habitan. 

El da√±o econ√≥mico de la crisis clim√°tica en Am√©rica Latina fue de US$ 9 billones en 2022 (Fuente: ONU).";2025-02-08 12:30;"28592";;"16673";;"849";"35";"12";"37";933;"5.6";;;
"3551972902692014911_4362698656";"FEED_CAROUSEL_ALBUM";"https://scontent-lhr8-1.cdninstagram.com/v/t51.2885-15/474727477_417016778089901_1303343821611810258_n.jpg?stp=dst-jpg_e35_tt6&_nc_cat=107&ccb=1-7&_nc_sid=18de74&_nc_ohc=quBW3Rf6kJwQ7kNvwEjM3gt&_nc_oc=Adlx2Nl6f31CSg0ixs6kD7dPaR8kvqglKc2zX11en3jKnlO86yu9IVoOioSyv7ItZX8&_nc_zt=23&_nc_ht=scontent-lhr8-1.cdninstagram.com&edm=AM6HXa8EAAAA&oh=00_AfVXS_EoSp1VaCsPMiZekFcQU4JwrIK9cn-Bo77sTFPagQ&oe=68976AEA";"https://www.instagram.com/p/DFLJIksxUs_/";"Las sillas en la vereda, un cl√°sico argentino.
Y un barrio unido por sus vecinos üíô #concordia #dtmf";2025-01-23 13:03;"17563";;"8751";;"707";"9";"1";"29";746;"8.52";;;
"3534562588521398960_4362698656";"FEED_CAROUSEL_ALBUM";"https://scontent-lhr8-2.cdninstagram.com/v/t51.2885-15/471762572_2910811005750291_3603220001672818728_n.jpg?stp=dst-jpg_e35_tt6&_nc_cat=101&ccb=1-7&_nc_sid=18de74&_nc_ohc=EabzORKBle0Q7kNvwGXMP6H&_nc_oc=Adkb0ZHuAtdLxMkDBzlrgGC5oiK8MpqfZaGRXR9CTtih8F-NRIFa2JzT75auIigKPzk&_nc_zt=23&_nc_ht=scontent-lhr8-2.cdninstagram.com&edm=AM6HXa8EAAAA&oh=00_AfX7_8gg-gCxqRuEWiYsnS82Kmvf13xy3Scr6zHPvuaVUA&oe=689759F0";"https://www.instagram.com/p/DENSfKFNAKw/";"Comenzamos el a√±o con el objetivo de construir 1.001 viviendas y, m√°s all√° de que el n√∫mero parec√≠a inmenso, siempre miramos el detr√°s de escena: queremos llegar a la mayor cantidad de familias posibles. 

Hoy, 960 familias terminan el a√±o bajo un techo seguro y eso es el valor m√°s grande que nos deja este a√±o. Haber podido duplicar el n√∫mero de viviendas que en 2023, con la convicci√≥n de m√°s de 13.000 personas que nos acompa√±aron como voluntarias.

Sabemos que el trabajo en conjunto nos permite llegar al lugar que so√±amos: una Argentina donde nadie viva en un piso de tierra. Porque detr√°s de cada vivienda hay una historia y porque cada familia cuenta üíô

Nos vemos el pr√≥ximo a√±o, est√°n listos? üèòÔ∏èüíô‚ú®üí™";2024-12-30 12:32;"37435";;"30756";;"1057";"20";"10";"63";1150;"3.74";;;
"3531769437876682068_4362698656";"FEED_CAROUSEL_ALBUM";"https://scontent-lhr8-2.cdninstagram.com/v/t51.2885-15/471494442_1417957922516433_7268293132138917909_n.jpg?stp=dst-jpg_e35_tt6&_nc_cat=106&ccb=1-7&_nc_sid=18de74&_nc_ohc=R27mUDpGWbcQ7kNvwHwrkIA&_nc_oc=AdlOXyoAVv6FOhdLx2MfrYp5e7IqNxGlPjoJlCu61KE3bDedO38luQlvlabGYFoma_k&_nc_zt=23&_nc_ht=scontent-lhr8-2.cdninstagram.com&edm=AM6HXa8EAAAA&oh=00_AfUWz1f98pgt-GlBfmJDUk7Cdz-Y31t88n1r2jl8vV_ejw&oe=68975487";"https://www.instagram.com/p/DEDXZd1OH1U/";"#RECAP2024 üèòÔ∏èüíô‚ú®

No estamos llorando, se nos meti√≥ el 2024 en el ojo ü•π

Gracias a todos los que fueron parte de este a√±o. Seguiremos trabajando por una Argentina donde nadie viva en un piso de tierra üôåüèºüá¶üá∑";2024-12-26 16:02;"33029";;"22689";;"775";"30";"15";"137";957;"4.22";;;
"3522306793604068112_4362698656";"FEED_CAROUSEL_ALBUM";"https://scontent-lhr8-1.cdninstagram.com/v/t39.30808-6/484411994_1082332933940291_5973800457041406139_n.jpg?stp=dst-jpg_e35_tt6&_nc_cat=107&ccb=1-7&_nc_sid=18de74&_nc_ohc=96RnPCi8W3wQ7kNvwG5Wsvu&_nc_oc=AdlutBSWW_zFfzlFKw3GmU9szRjtr6BTv1YI9y40W4A0X3AkdBKOWTgUmyaT1B7cCEY&_nc_zt=23&_nc_ht=scontent-lhr8-1.cdninstagram.com&edm=AM6HXa8EAAAA&_nc_gid=32v4RJavfa95adFXzA8pQg&oh=00_AfWIuzbYyDZA_w6fqgWUf5Zpa8XiMH_PiITYKM08sCpL0g&oe=68977BA5";"https://www.instagram.com/p/DDhv13mtzMQ/";"Concordia nos recibi√≥ con mucha lluvia, barro y por momentos demasiado sol. 
Pero hay algo que nos mantuvo en pie: toda la gente que se sum√≥ a que podamos construir 131 viviendas en 1 semana üíô

Gracias por los mensajes y por estar presentes! Cuando trabajamos en comunidad cualquier meta es posible üèòÔ∏è";2024-12-13 14:41;"13574";;"10430";;"527";"4";"10";"46";587;"5.63";;;
"3520951306984679720_4362698656";"FEED_CAROUSEL_ALBUM";"https://scontent-lhr8-1.cdninstagram.com/v/t51.2885-15/469743804_584246880814632_3484553553744569161_n.jpg?stp=dst-jpg_e35_tt6&_nc_cat=109&ccb=1-7&_nc_sid=18de74&_nc_ohc=Hy0MwPJYfA0Q7kNvwGi5wps&_nc_oc=Adm-XQyOPC2Gq23zCJmcrl20EziF98N2_8ZL_66N7j_VZ-c_zNIlc-vk7sPc895D8Ik&_nc_zt=23&_nc_ht=scontent-lhr8-1.cdninstagram.com&edm=AM6HXa8EAAAA&oh=00_AfWTSIrwwrIEbMjB0GtdBKp4PDZLtwCVXyleQTA3xL_Vtw&oe=68975CF9";"https://www.instagram.com/p/DDc7o8UROko/";"El finde estuvimos en el @bsastrap y pasaron muchas cositasüî•

Alguno pas√≥ por ah√≠? üëÄüëÄüëÄ
Cu√©ntennos que les pareci√≥ nuestra intervenci√≥n ü§òüèºüëáüèºüèòÔ∏èüíô";2024-12-11 17:48;"8994";;"7465";;"418";"9";"1";"9";437;"5.85";;;
"3516400046808653289_4362698656";"FEED_IMAGE";"https://scontent-lhr8-2.cdninstagram.com/v/t39.30808-6/469161177_1007559961417589_1229994742450472847_n.jpg?_nc_cat=106&ccb=1-7&_nc_sid=18de74&_nc_eui2=AeEhu_-yWFhGdxGXi7m-kYHcyffk0gbDVVrJ9-TSBsNVWleBfI7Rn6nHLXR6Wq7NSzE&_nc_ohc=lCaPhjfxGz0Q7kNvgHU0205&_nc_zt=23&_nc_ht=scontent-lhr8-2.cdninstagram.com&edm=AM6HXa8EAAAA&_nc_gid=AJgqcBFz13vucgJWxKWFmsS&oh=00_AYBZ-_53kQq0xlPZhduilaEIVGvtbqLZMzvb1Hi_4OhcnQ&oe=67618B45";"https://www.instagram.com/p/DDMwzY-Ml3p/";"M√ÅS QUE UN G√âNERO, UN MOVIMIENTO.

Para nuestra juventud movilizada tenemos un regalo: VIV√ç EL @bsastrap ü§òüèºüî•
üéüÔ∏èParticip√° por entradas para el s√°bado 7 y domingo 8 en el Parque de la Ciudad üëáüèº

‚û°Ô∏è Seguinos en IG a @techo_argentina
‚û°Ô∏è Dale like a este posteo
‚û°Ô∏è Mencion√° a la persona con la que ir√≠as al festi

*V√°lido para personas en Buenos Aires. 
Las entradas se entregan en Capital Federal. Sorteo  finalizado ‚úîÔ∏è 

 #BSASTRAP #voluntariado";2024-12-05 11:06;"4209";;"3145";;"194";"4";"616";"19";833;"26.49";;;
"3510945916778988890_4362698656";"FEED_CAROUSEL_ALBUM";"https://scontent-lhr8-2.cdninstagram.com/v/t51.29350-15/468676913_895977709297132_2711150270712504203_n.webp?stp=dst-jpg_e35_tt6&_nc_cat=106&ccb=1-7&_nc_sid=18de74&_nc_ohc=D0J3A5qR75MQ7kNvwFiTKOt&_nc_oc=AdmQ1qV9bs7RtXPixkyV8HOiPN8ff2zEKjHL3VuF1O4ct5OBoM6l_vSP5yBxZnWnbMA&_nc_zt=23&_nc_ht=scontent-lhr8-2.cdninstagram.com&edm=AM6HXa8EAAAA&_nc_gid=32v4RJavfa95adFXzA8pQg&oh=00_AfWawjg9rVbVDg5xTIxGvfAjFNSxrh6Ua_jwAMCN1lg_Cg&oe=6897610F";"https://www.instagram.com/p/DC5YrWjOEVa/";"3 d√≠as de lluvia en Concordia no fueron suficientes para parar la fuerza de m√°s de 250 voluntades movilizadas por un objetivo en com√∫n ‚ù§Ô∏è‚Äçü©π

Terminamos la primera tanda de las 130 viviendas, seguimos por m√°s üí™üèºüèò‚ú®Ô∏è‚úÖÔ∏è";2024-11-27 22:29;"15808";;"12462";;"979";"10";"20";"47";1056;"8.47";;;
"3507191746524703701_4362698656";"FEED_CAROUSEL_ALBUM";"https://scontent-lhr8-1.cdninstagram.com/v/t51.29350-15/467995263_494349707098663_4144576626761763644_n.webp?stp=dst-jpg_e35_tt6&_nc_cat=110&ccb=1-7&_nc_sid=18de74&_nc_ohc=dHY2mRNpi3kQ7kNvwHFaPC-&_nc_oc=Adk-gb1_xJvILfxOJyf4onOVMaeuMiSEwObwOx0vq0G-I1eb6kwJtnHbGDs3WrHY-s8&_nc_zt=23&_nc_ht=scontent-lhr8-1.cdninstagram.com&edm=AM6HXa8EAAAA&_nc_gid=32v4RJavfa95adFXzA8pQg&oh=00_AfVrP51AxEkqTDGRjdcx97dGlzYuXMOmLvCLvIH0O6Vh8g&oe=68977CF4";"https://www.instagram.com/p/DCsDE_CyWvV/";"Este a√±o nos propusimos un objetivo y vamos a cumplirlo: construir 1.001 viviendas para 1.001 familias üèò‚úÖÔ∏èüá¶üá∑üî®

Dej√° tu mensaje de aliento para todas las voluntades que van a estar construyendo estos d√≠as üíå";2024-11-22 18:10;"12845";;"10297";;"777";"9";"16";"31";833;"8.09";;;
"3500560061149688330_4362698656";"FEED_CAROUSEL_ALBUM";"https://scontent-lhr8-2.cdninstagram.com/v/t51.29350-15/466703588_578898417891160_4671348520676353411_n.jpg?stp=dst-jpg_e35_tt6&_nc_cat=103&ccb=1-7&_nc_sid=18de74&_nc_ohc=cr8ghXjH2uUQ7kNvwFiWxpr&_nc_oc=AdmhlBEVq5_KEgyk03pINLWgVennArFD7fvZ8dkaNyPM1SUiUPQeM3Bbve2S9Un7MP8&_nc_zt=23&_nc_ht=scontent-lhr8-2.cdninstagram.com&edm=AM6HXa8EAAAA&_nc_gid=32v4RJavfa95adFXzA8pQg&oh=00_AfWaTPFemZzTaF9ekyoazDsIiMBj4IYMhggITX_qEExh5g&oe=6897665C";"https://www.instagram.com/p/DCUfNQvvzIK/";"Este a√±o nos propusimos un gran sue√±o: lograr que 1001 familias dejen de vivir sobre un piso de tierra y terminen el 2024 bajo un techo seguro üè†üîúüíô

Sumate y don√° en link.mercadopago.com.ar/colectatecho2024 (link en bio)";2024-11-13 14:35;"10931";;"8797";;"335";"10";"6";"45";396;"4.5";;;
"3496884242924707212_4362698656";"FEED_CAROUSEL_ALBUM";"https://scontent-lhr8-2.cdninstagram.com/v/t51.2885-15/465983805_1893963207767425_5987501913464996985_n.jpg?stp=dst-jpg_e35_tt6&_nc_cat=101&ccb=1-7&_nc_sid=18de74&_nc_ohc=PrGbnw43Bo8Q7kNvwHUJWpK&_nc_oc=Adn6PXIipucYDOlcfoz_Ol_dfrAQIEDvuTjGEpMxLtUlv48NIpmiq662jvVhHLql-Ww&_nc_zt=23&_nc_ht=scontent-lhr8-2.cdninstagram.com&edm=AM6HXa8EAAAA&oh=00_AfX1A6sm08FTNIP9tlTRGqj0Hk-j2OBaZk2UG7zpXssOUw&oe=68975614";"https://www.instagram.com/p/DCHbbEQMB2M/";"Este a√±o nos propusimos un gran sue√±o: lograr que 1001 familias dejen de vivir sobre un piso de tierra y terminen el 2024 bajo un techo seguro üè†üîúüíô

Ya logramos construir m√°s de 600 viviendas y recaudar fondos para m√°s de 300, pero a√∫n necesitamos juntar plata para las √∫ltimas 70 viviendas que nos faltan.

Es por eso que lanzamos una campa√±a de recaudaci√≥n para lograr que 1001 familias tengan un fin de a√±o mejor, viviendo en condiciones m√°s dignas.

Pod√©s donar en este link link.mercadopago.com.ar/colectatecho2024 (link en bio)
Compartilo con tus amigos y familiares. Es muy f√°cil y lo que sea que puedas donar, suma.";2024-11-08 12:52;"18120";;"12867";;"495";"10";"6";"82";593;"4.61";;;
"3491241521834080612_4362698656";"FEED_CAROUSEL_ALBUM";"https://scontent-lhr8-2.cdninstagram.com/v/t39.30808-6/484162107_1081959570644294_705388971330362832_n.jpg?stp=dst-jpg_e35_tt6&_nc_cat=103&ccb=1-7&_nc_sid=18de74&_nc_ohc=YrkVhuLD8UYQ7kNvwHOYiNA&_nc_oc=Admer3BAlqgRVcWL5-KXh4oIlth3BkUPYQM6SCiMH3T4Qj_ONBfvTlMefD7MEp6fFxk&_nc_zt=23&_nc_ht=scontent-lhr8-2.cdninstagram.com&edm=AM6HXa8EAAAA&_nc_gid=32v4RJavfa95adFXzA8pQg&oh=00_AfVY4gMnKEJwmBJ7aDFSZK2lkINyaxDxwi2rq866bWzGfg&oe=68975000";"https://www.instagram.com/p/DBzYaquA7lk/";"Si dise√±ar ciudades fuera tan f√°cil como hacer click vivir√≠amos en #LosSims üñ±Ô∏è

Para habitar las ciudades que queremos es necesario una planificaci√≥n que acompa√±e su crecimiento y que garantice condiciones dignas de habitabilidad. 

Seamos campeones en construir un pa√≠s con oportunidades para todos ü´±üèº‚Äçü´≤üèΩ

#D√≠aDeLasCiudades";2024-10-31 18:00;"11676";;"9077";;"586";"31";"1";"40";658;"7.25";;;
"3490341611867610588_4362698656";"FEED_CAROUSEL_ALBUM";"https://scontent-lhr8-1.cdninstagram.com/v/t51.2885-15/465001691_1234662101108824_537695687379054064_n.jpg?stp=dst-jpg_e35_tt6&_nc_cat=108&ccb=1-7&_nc_sid=18de74&_nc_ohc=VJXXW_iB6ssQ7kNvwFlxEzr&_nc_oc=Adn3HL3Q7Vfz9BybEP0XzMYr5ZjcaH8HMmwWYvi89o0K52p_myrfku6mdpZEFwA7n3U&_nc_zt=23&_nc_ht=scontent-lhr8-1.cdninstagram.com&edm=AM6HXa8EAAAA&oh=00_AfVNqTfe0iUpV6D5TRA_y5AjwIavPGl7TyyMTnrnZO7hdA&oe=6897596B";"https://www.instagram.com/p/DBwLzQQIh3c/";"Quedate leyendo porque #noviembre se viene con todo üî•

Cada vez estamos m√°s cerca de nuestro objetivo del a√±o: construir 1.001 viviendas para 1.001 familias!

Porque creemos que cada familia cuenta y hace la diferencia te invitamos a que te sumes a este desaf√≠o ‚ù§Ô∏è‚Äçü©πüëáüèòÔ∏èüõ†Ô∏è

üî¥2 y 3 en #BAOeste, #Rosario y #LaPlata
üü£16 y 17 en #Mendoza
üü¢23 y 24 en #C√≥rdoba, #Misiones y #BANorte
üü°25, 26, 27 y 29, 30 y 1/12 #EntreRios (desliz√° y mir√° la info clave de la construcci√≥n nacional de 130 viviendas con ba√±oüòÆ)

Es tu primera construcci√≥n y tenes dudas? Dejanos un comentario y charlamos!";2024-10-30 12:12;"18447";;"12851";;"435";"20";"32";"93";580;"4.51";;;
"3485425392306225741_4362698656";"FEED_CAROUSEL_ALBUM";"https://scontent-lhr6-2.cdninstagram.com/v/t51.29350-15/464345490_1214999263062952_3495868816341043669_n.jpg?stp=dst-jpg_e35_tt6&_nc_cat=105&ccb=1-7&_nc_sid=18de74&_nc_ohc=ipnRBLMQeskQ7kNvwHsDYKs&_nc_oc=AdnEC4oFZZLbClPhZb_QYECiwoNLuXkob6u5pp0qXTOOLRa1NZmDpIJ-xbxhTZuMG7U&_nc_zt=23&_nc_ht=scontent-lhr6-2.cdninstagram.com&edm=AM6HXa8EAAAA&_nc_gid=32v4RJavfa95adFXzA8pQg&oh=00_AfWDcet_yivUA_aCmj6CGnfkfvPHVjwTGd1CSgIA5sqDdg&oe=68976315";"https://www.instagram.com/p/DBet-1_igJN/";"Lleg√≥ la gu√≠a que todos estaban esperando üõ†Ô∏è

En noviembre nos vamos a Concordia, Entre R√≠os a construir 130 viviendas y queremos que te sumes!

Necesitamos muchas manos, as√≠ que compartile esta publicaci√≥n a ese amigo que te acompa√±a en todas üì§

Agendate las fechas üìÖ
‚û°Ô∏èParticipaci√≥n Completa: Lunes 25 al Domingo 1 (saliendo el domingo 24 y volviendo el Lunes 2)
‚û°Ô∏èTanda 1: lunes 25, martes 26 y mi√©rcoles 27 de noviembre (saliendo el domingo 24 y volviendo el jueves 28)
‚û°Ô∏èTanda 2: viernes 29 y s√°bado 30 de noviembre y domingo 1 de diciembre(saliendo el jueves 28 y volviendo el lunes 2)

üìã Anotate en bit.ly/ConstruccionEntreRios

¬øNos vemos ah√≠?";2024-10-23 17:25;"40561";;"33056";;"745";"53";"22";"87";907;"2.74";;;
"3484630370417454366_4362698656";"FEED_CAROUSEL_ALBUM";"https://scontent-lhr8-1.cdninstagram.com/v/t51.29350-15/464251058_1206403720655786_2740127937987880550_n.webp?stp=dst-jpg_e35_tt6&_nc_cat=110&ccb=1-7&_nc_sid=18de74&_nc_ohc=CqaSxXWdPp0Q7kNvwFC0Uiu&_nc_oc=AdmcYk8DXYqAwGnakgQpOmGyGHpfUfOWOBIViFdGiC23b8jpUoanS5BGSDvra6FWVcY&_nc_zt=23&_nc_ht=scontent-lhr8-1.cdninstagram.com&edm=AM6HXa8EAAAA&_nc_gid=32v4RJavfa95adFXzA8pQg&oh=00_AfU1L-Rk8pFoWVW42Xsl3OdVxHaWFfyFtqVZVlPFySpYvA&oe=68975A4D";"https://www.instagram.com/p/DBb5NwKRS0e/";"¬øMito o realidad? ü§î
Los estereotipos no ayudan, pero informarnos s√≠. üí°
En el #MesDelH√°bitat, te invitamos a descubrir los mitos m√°s comunes y las realidades que viven miles de familias en barrios populares de Argentina üá¶üá∑

¬øQu√© mito te sorprende? üßê
¬°Contanos en los comentarios!

#MesDelHabitat #Habitat #OSC

Fuentes: Censo Nacional 2022 (INDEC) y RENABAP.";2024-10-22 15:05;"12453";;"10883";;"359";"16";"3";"35";413;"3.79";;;
"3484593294497286220_4362698656";"FEED_IMAGE";"https://scontent-lhr6-2.cdninstagram.com/v/t51.29350-15/464219366_575426498254600_382490177691993934_n.webp?stp=dst-jpg_e35_tt6&_nc_cat=102&ccb=1-7&_nc_sid=18de74&_nc_ohc=y0d1j58OyVYQ7kNvwEnDyHD&_nc_oc=Admb7QFY-2h32VtqCE4v0dPxY9pJWJQd49QByPchWs4b1UbK-X9-FZKIF_rEmPfnRNo&_nc_zt=23&_nc_ht=scontent-lhr6-2.cdninstagram.com&edm=AM6HXa8EAAAA&_nc_gid=32v4RJavfa95adFXzA8pQg&oh=00_AfUSBEYIJYJciN9Q8NPAkcPPokmYge7s-46bjp2BdX0xyw&oe=68975A8B";"https://www.instagram.com/p/DBbwyOhOAhM/";"Y si salimos de la virtualidad y nos juntamos a charlar? üëÄ

‚ú®Ô∏èHOY 22/10 tenemos este gran evento üíÖüèº 

Vamos a hablar sobre la salud mental en las juventudes de #Argentina con

üó£ @_ninoferrero de @asuntosdelsur
üó£ @luna_eliass de @jovenesporelclimaarg
üó£ @clarawillii_ y @vickycroci de @techo_argentina

üïë Te esperamos 18:30 hs 
üìçCentro Cultural Mor√°n (Pedro Mor√°n 2147, CABA)
 

Si quer√©s participar, te dejamos el link en stories para inscribirteüì≤";2024-10-22 13:51;"4624";;"4374";;"117";"3";"1";"4";125;"2.86";;;
"3480974951138923676_4362698656";"FEED_CAROUSEL_ALBUM";"https://scontent-lhr6-2.cdninstagram.com/v/t39.30808-6/463377792_969582105215375_3649557133388000033_n.jpg?stp=dst-jpg_e35_tt6&_nc_cat=102&ccb=1-7&_nc_sid=18de74&_nc_ohc=QEXZNfKrSpEQ7kNvwHJ8OHe&_nc_oc=AdkZxYVjGP0nUAmCqgz3YZAC1raiJVhm6XFbgivcadQAFI9G8RvyMUeS96UKXDsCEm8&_nc_zt=23&_nc_ht=scontent-lhr6-2.cdninstagram.com&edm=AM6HXa8EAAAA&_nc_gid=32v4RJavfa95adFXzA8pQg&oh=00_AfW24RO4i4Ui0V9Hhp4uCL9Gk2OpJenkVr9ypKXQJUa1yA&oe=689772FB";"https://www.instagram.com/p/DBO6EZqqxSc/";"La #vivienda digna se impone en la lucha contra la #pobrezaü•ä

‚úÖ Es el primer paso para una transformaci√≥n de vida.
‚úÖ Es el espacio donde construimos nuestro hogar y so√±amos nuestro futuro.

Para construir una sociedad m√°s justa es necesario garantizar el acceso a una vivienda que permita que todos podamos imaginar un futuro mejor üè†üí™

(*) Estudio realizado por el Centro de Investigaci√≥n Social de TECHO Argentina en conjunto con la Universidad Cat√≥lica Argentina (UCA), y a nivel latinoamericano por J-PAL. ‚ÄúImpacto estad√≠sticamente significativo y de gran magnitud‚Äù

#OctubreUrbano #MesDelH√°bitat";2024-10-17 14:02;"9793";;"7350";;"466";"24";;"62";552;"7.51";;;
"3478741275969364569_4362698656";"FEED_IMAGE";"https://scontent-lhr8-2.cdninstagram.com/v/t51.75761-15/462793862_18329652733146657_5669404050170771433_n.jpg?stp=dst-jpg_e35_tt6&_nc_cat=101&ccb=1-7&_nc_sid=18de74&_nc_ohc=pE79RYm7Sq4Q7kNvwGZFw0e&_nc_oc=AdkcIKE9gcxGv7g5KCN9IAXTCKkF_2w8GdcTdZn6fSXw_AKv43vKmjYGoSXzzlGYR8E&_nc_zt=23&_nc_ht=scontent-lhr8-2.cdninstagram.com&edm=AM6HXa8EAAAA&_nc_gid=32v4RJavfa95adFXzA8pQg&oh=00_AfWdYiZZMa68vYxq8QU9veBTbZcytIpxc2QIY7Ik4pJqZg&oe=68976E3E";"https://www.instagram.com/p/DBG-MJjpKJZ/";"Pol√≠ticas que trascienden, pol√≠ticas que transforman ‚ñ∂Ô∏è

Hoy a las 16 h, te invitamos a sumarte al panel organizado por @techo_argentina, @fundarpoliticas y @caritasargentina. Junto a referentes pol√≠ticos, sociales y religiosos, reflexionaremos sobre el impacto y los desaf√≠os de la Ley de Integraci√≥n Socio Urbana, a 6 a√±os de su sanci√≥n.

Nos acompa√±ar√°n en el panel: @elisalilitacarrio, jorge_garcia_cuerva, @fermino.ok y @sebastian.welisiejko.

üî¥ Seguilo en vivo por YouTube @UCAarg
üìÖ Lunes 14 de octubre
‚è∞ 16 h

Moderan: @juanmaquieyra, @mariamigliore_ y @vidalpabl0";2024-10-14 12:04;"17668";;"14640";;"371";"24";"2";"35";432;"2.95";;;
"3473635190687635704_4362698656";"FEED_CAROUSEL_ALBUM";"https://scontent-lhr6-2.cdninstagram.com/v/t39.30808-6/462301270_18328703593146657_9022645959619897557_n.jpg?stp=dst-jpg_e35_tt6&_nc_cat=100&ccb=1-7&_nc_sid=18de74&_nc_ohc=OQfKAv5zl-YQ7kNvwGExL3b&_nc_oc=Adk8xiJ1INMcbUmzCyfnTDSxK6cdujuw-nh7mzKn8463xHDGmXNidKbJkeQGGoVUnDA&_nc_zt=23&_nc_ht=scontent-lhr6-2.cdninstagram.com&edm=AM6HXa8EAAAA&_nc_gid=32v4RJavfa95adFXzA8pQg&oh=00_AfWxsCR3bWd5vvDJr1pUtMjeRjJw22qOZT_dHAAc28TTRA&oe=689777DF";"https://www.instagram.com/p/DA01M1EO5j4/";"Una vivienda es habitable si... ‚òùÔ∏è 

En el #D√≠aDelH√°bitat nos juntamos para visibilizar la realidad que viven millones de personas en Argentina y en el mundo, y la importancia del trabajo que realizamos desde el tercer sector para acompa√±ar a las familias y transformar la realidad. üè°

Durante todo el mes, seguiremos compartiendo informaci√≥n relevante sobre este tema que nos moviliza y nos une. 

¬øConoc√≠as esta realidad y a estas organizaciones?
üëáüèºDejanos tu opini√≥n en comentarios. 

*Fuentes: Censo Nacional 2022 (INDEC), Informe ‚ÄúFactores de riesgo ambiental en barrios populares‚Äù 2024 (TECHO) y RENABAP.

#H√°bitat #D√≠aDelH√°bitat #MesDelH√°bitat";2024-10-07 11:00;"27246";;"20280";;"598";"37";"9";"106";750;"3.7";;;
"3471551626621693205_4362698656";"FEED_CAROUSEL_ALBUM";"https://scontent-lhr8-1.cdninstagram.com/v/t39.30808-6/461976033_959894149517504_7589253718356939737_n.jpg?stp=dst-jpg_e35_tt6&_nc_cat=110&ccb=1-7&_nc_sid=18de74&_nc_ohc=2hnIOqsNFuMQ7kNvwHzn7Oi&_nc_oc=Adn97k-sRMz1ptMKRZCfp9aNhcSkeQPrPcAdOW7RW_eOgQltmcf4gZxug12qJphS8Kk&_nc_zt=23&_nc_ht=scontent-lhr8-1.cdninstagram.com&edm=AM6HXa8EAAAA&_nc_gid=32v4RJavfa95adFXzA8pQg&oh=00_AfVz5vsaW4eFY2_-b8IHCGWtlTFtkWjwG7_EQJ2ADryVMw&oe=689763C1";"https://www.instagram.com/p/DAtbc-0Ny0V/";"Cada vez m√°s cerca del objetivo üèò 
Gracias a todos los que nos acompa√±aron en #septiembre a hacerlo posible üëá

üíô A los #colegios: Holy Trinity, Instituto Carlos Tejedor.
üíô A las #empresas: Lacoste, SP Global, DHL Express, DHL Global, Innovid, HSBC, Stellantis (PSA Peugeot Citroen - Fiat Chrysler), Grupo Disal, Pedro Puerta.
üíô A la #familia Balan y al gran equipo de voluntades que nos acompa√±an siempre üôå

Sumate como socio/a o voluntario/a en i.mtrbio.com/techo-argentina y ayudanos a llegar a las 1.001 viviendas üí™";2024-10-04 14:00;"8602";;"7143";;"425";"9";"5";"20";459;"6.43";;;
"3467384095892643819_4362698656";"FEED_CAROUSEL_ALBUM";"https://scontent-lhr6-2.cdninstagram.com/v/t39.30808-6/483864212_1081357057371212_2067866015246655666_n.jpg?stp=dst-jpg_e35_tt6&_nc_cat=105&ccb=1-7&_nc_sid=18de74&_nc_ohc=ja0SGlYhcZsQ7kNvwG6cVOc&_nc_oc=Adl7ZcTDKIDNGDT02LF1eFEtosrpOBgCnDtukIgZMPJnWDPL3d_ipV9rZNr24mA8VBY&_nc_zt=23&_nc_ht=scontent-lhr6-2.cdninstagram.com&edm=AM6HXa8EAAAA&_nc_gid=32v4RJavfa95adFXzA8pQg&oh=00_AfU9AH8rYVUkE03mXEt3lVjO1KqeBvh02h6dD-nBIptZSw&oe=689747C8";"https://www.instagram.com/p/DAen3bXhR_r/";"Banquen que el a√±o todav√≠a no termin√≥, #octubre all√° vamos üèÅ

Agendate las pr√≥ximas construcciones üóìÔ∏è 

üî¥ 5 y 6 en #BuenosAires üëâ @comunidadtecho_banorte + @comunidadtecho_baoeste + @comunidadtecho_basur 

üü¢ 26 y 27 en #Neuqu√©n, #Salta y #Tucum√°n üëâ @comunidadtecho_neuquenrionegro + @comunidadtecho_salta + @comunidadtecho_tucuman 

Anotate en actividades.techo.org/argentina y ayudanos a llegar a las 1.001 viviendas üí™üôå";2024-09-28 20:00;"5344";;"4365";;"228";"5";"1";"9";243;"5.57";;;
"3453482887052168733_4362698656";"FEED_CAROUSEL_ALBUM";"https://scontent-lhr6-2.cdninstagram.com/v/t51.2885-15/458613459_461613713531945_6285456017080240901_n.jpg?stp=dst-jpg_e35_tt6&_nc_cat=105&ccb=1-7&_nc_sid=18de74&_nc_ohc=OMOXHt07C1AQ7kNvwH9HzlR&_nc_oc=Admrp2e1SyJ6awaJR-xp4SiCm62gjK7n5rfLx_ZJCHXlaaESawfQKEKceKtm-ZHTw3o&_nc_zt=23&_nc_ht=scontent-lhr6-2.cdninstagram.com&edm=AM6HXa8EAAAA&oh=00_AfVMzSI5tuDQkra9m0AdQw6FG5Dw8xEEd9nFPEEOYzjfjw&oe=689765A2";"https://www.instagram.com/p/C_tPGNwoo4d/";"¬øSab√≠as que una l√°mpara puede cambiar vidas? üí°

Con la compra de los productos #PhilipsLED de la l√≠nea #ECOHOME est√°s colaborando en la construcci√≥n de una vivienda de emergencia üè† 

#Encend√©LaLuz con nosotros y hac√© la diferencia.";2024-09-09 15:41;"6213";;"5230";;"361";"7";"2";"30";400;"7.65";;;
"3451195040460218263_4362698656";"FEED_CAROUSEL_ALBUM";"https://scontent-lhr8-1.cdninstagram.com/v/t51.29350-15/458489210_2654559954730809_5019982989337488839_n.webp?stp=dst-jpg_e35_tt6&_nc_cat=111&ccb=1-7&_nc_sid=18de74&_nc_ohc=LTpaieDtAqMQ7kNvwHkCKsl&_nc_oc=AdmQWeMoftTvthXnth32EazfLJ6TZlaPlNDmDDH2ROBYe3RR3TJ6CZnSDhxMXQmk718&_nc_zt=23&_nc_ht=scontent-lhr8-1.cdninstagram.com&edm=AM6HXa8EAAAA&_nc_gid=EpqqyVFmUIAUIaWjPefTPw&oh=00_AfX3OV1UsvUpGIFPg0LhtVEwnTnAcq5cAGazUeWErrOKRA&oe=689770AE";"https://www.instagram.com/p/C_lG5qlOJ-X/";"Ya estamos listos para #septiembre üèÅ
Agendate las pr√≥ximas fechas y ven√≠ a construir üëáüèΩ

üóìÔ∏è 14 y 15 en #LaPlata 
üóìÔ∏è 28 y 29 en #C√≥rdoba y #Misiones

Podes anotarte y conocer todas las actividades del mes en actividades.techo.org/argentina ‚úÖ #voluntariadotecho

#construcciones #lacreacion #miguelangel #TechoArgentina";2024-09-06 11:55;"8493";;"6041";;"439";"17";"4";"41";501;"8.29";;;
"3449899759205125507_4362698656";"FEED_CAROUSEL_ALBUM";"https://scontent-lhr8-1.cdninstagram.com/v/t51.2885-15/458308445_3433467840294972_6611537626842102450_n.jpg?stp=dst-jpg_e35_tt6&_nc_cat=108&ccb=1-7&_nc_sid=18de74&_nc_ohc=BANgkTmYhgwQ7kNvwH6bm8m&_nc_oc=Adn8m0nHJ6CVQyQW2CRYGLqdHuqXh3FiV3Zue0cAF-29wdTCdU5h47QIkqj9HtazisQ&_nc_zt=23&_nc_ht=scontent-lhr8-1.cdninstagram.com&edm=AM6HXa8EAAAA&oh=00_AfW0zc0K-XuzHu4FAScyHkGSQo4zjcjfVg8j4J0ZGkARlg&oe=6897751D";"https://www.instagram.com/p/C_ggY16II2D/";"¬øQu√© hacemos con la crisis clim√°tica?

üìã La generaci√≥n de informaci√≥n es una parte fundamental para impulsar pol√≠ticas p√∫blicas basadas en evidencia tendientes a mejorar la calidad de vida de las personas. 

‚û°Ô∏è As√≠ fue que surgi√≥ este informe sobre la desigualdad clim√°tica en los barrios populares, como una respuesta de nuestro trabajo junto a las comunidades para encontrar un camino a seguir. 

Si quer√©s leerlo coment√° INFORME y te lo compartimos üìé

#desigualdadclimatica #crisisclim√°tica #crisissosial #techoargentina #emergenciaclimatica #microbasurales #factoresderiesgo #politicasp√∫blicas";2024-09-04 17:02;"19769";;"13729";;"489";"42";"22";"94";647;"4.71";;;
"3446154401249650969_4362698656";"FEED_CAROUSEL_ALBUM";"https://scontent-lhr8-1.cdninstagram.com/v/t39.30808-6/482254159_1080531477453770_2942999318353246329_n.jpg?stp=dst-jpg_e35_tt6&_nc_cat=109&ccb=1-7&_nc_sid=18de74&_nc_ohc=oZoZ-Q0goxgQ7kNvwGeKlno&_nc_oc=AdndPJqtg9oCti8zQ5UpMFP4rUzQoYCC3QsulzlDZdsTLqfte1xCw9dp9vY4XqpMUZQ&_nc_zt=23&_nc_ht=scontent-lhr8-1.cdninstagram.com&edm=AM6HXa8EAAAA&_nc_gid=EpqqyVFmUIAUIaWjPefTPw&oh=00_AfXzmB8qLHjSsReMf05vKhSgYVpRMrm0JIJBtUiw6mKwZA&oe=68974887";"https://www.instagram.com/p/C_TMytfomkZ/";"503 gracias a todos los que fueron parte üèò

üíô A los #colegios que nos acompa√±aron:
Colegio Esclavas de Belgrano, Colegio Esclavas de Ituzaing√≥, San Felipe, Northlands, Dailan Kifki, Bedes, Patris, San Albano, IES Abroad, San Luis Gonzaga.

üíô A las #familias y grupos de amigos/as:
Asociaci√≥n de padres Esclavas, Familia Natxo, Familia Saraniti, Familia Critto, Grupo de amigos NQN.

üíô A las #empresas:
Sigma Agro, Stellantis (PSA Peugeot Citroen - Fiat Chrysler), DHL Supply Chain, Beiersdorf, SC Johnson, EDET, Cocos Capital, Softys, Maqoil.

üíô Y al gran equipo de voluntades que nos acompa√±an siempre.

Sigamos construyendo puentes hacia un futuro donde nadie m√°s viva en un piso de tierra ‚úä";2024-08-30 13:00;"15728";;"11761";;"665";"22";"23";"48";758;"6.45";;;
"3431824997923604170_4362698656";"FEED_CAROUSEL_ALBUM";"https://scontent-lhr8-1.cdninstagram.com/v/t51.2885-15/454513554_2262507850756394_7938144692619214426_n.jpg?stp=dst-jpg_e35_tt6&_nc_cat=110&ccb=1-7&_nc_sid=18de74&_nc_ohc=LLcP5AzVFaoQ7kNvwFnFZtZ&_nc_oc=Adn5A8IxSWeLl_OOE_EJTS5hAmmizEN8boaOzlRFo-pJS7QrEkkmnMcp29P6w6-87ZI&_nc_zt=23&_nc_ht=scontent-lhr8-1.cdninstagram.com&edm=AM6HXa8EAAAA&oh=00_AfU4zscdITxyIlXR2PRZn4oHsid54GVC04CFNvYXXNgjfg&oe=68976C1E";"https://www.instagram.com/p/C-gSqcsisbK/";"Nos gusta conocer nuevas historias y por eso nos juntamos con la mejor comunidad del mundo: nuestros socios y socias, los que nos bancan d√≠a a d√≠a. Gracias por contribuir a que construyamos un pa√≠s m√°s justo üíú

Para todos los que no pudieron venir, no se preocupen. Ya estamos pensando en el pr√≥ximo encuentro ¬ød√≥nde les gustar√≠a que sea? Los leemos en comentarios üëá

#construyendoencomunidad #comunidadsocios #socios #donaciones #solidaridad #techoargentina";2024-08-10 18:30;"9585";;"8129";;"312";"12";"5";"5";334;"4.11";;;
"3431009233296485514_4362698656";"FEED_CAROUSEL_ALBUM";"https://scontent-lhr8-1.cdninstagram.com/v/t51.29350-15/453953117_1459360234717375_6100779426905124375_n.webp?stp=dst-jpg_e35_tt6&_nc_cat=109&ccb=1-7&_nc_sid=18de74&_nc_ohc=0RCm8sSq7v4Q7kNvwHA4wec&_nc_oc=Adl3TnmCKiPbEbACNKh0dA4JFQVJ8e2r75MCIYuxuo6SNiDJ50NjPN-fNxEkDeUjgAs&_nc_zt=23&_nc_ht=scontent-lhr8-1.cdninstagram.com&edm=AM6HXa8EAAAA&_nc_gid=EpqqyVFmUIAUIaWjPefTPw&oh=00_AfVUlu6Cnvd85MlH8KwUMmJ2hLqXTxMR9GKJWG9whUjZeA&oe=68976B79";"https://www.instagram.com/p/C-dZLgruOyK/";"Ser argentinos nos une y el voluntariado nos fortalece ü´Çüá¶üá∑

En cada encuentro hay charlas, reflexiones y poemas. Nos emociona compartir este fragmento de lo que escribi√≥ @clariiwillii_ parte del equipo de voluntarios üíô

El futuro lo construimos juntos, todav√≠a est√°s a tiempo de ser parte. Involucrate en bit.ly/voluntariadoenTECHO 

#elpoderdelhacer #cadaacci√≥ncuenta #voluntariadoTECHO #TECHO";2024-08-09 15:29;"9564";;"7309";;"434";"34";"9";"18";495;"6.77";;;
"3428186579471081247_4362698656";"FEED_CAROUSEL_ALBUM";"https://scontent-lhr8-1.cdninstagram.com/v/t51.2885-15/454164818_1212377633279790_6172393989761801233_n.jpg?stp=dst-jpg_e35_tt6&_nc_cat=111&ccb=1-7&_nc_sid=18de74&_nc_ohc=GK7zm7oddMoQ7kNvwE1kT5m&_nc_oc=Adn87Q2hLfb-JrGii4msatgfO0B5F1Q_a7aSw2pkAeG1GXVVjHJZL5t9H5egA5m65XA&_nc_zt=23&_nc_ht=scontent-lhr8-1.cdninstagram.com&edm=AM6HXa8EAAAA&oh=00_AfXJfdVXHXdILQ1ZgNPFrdzJoY-PpEk4P8ig7BYDEZ78vQ&oe=689756C3";"https://www.instagram.com/p/C-TXYfdIp8f/";"Llega la √∫ltima parte del a√±o y todo nos cuesta el doble. As√≠ que te traemos este planazo.

‚úÖ Si est√°s en tu √∫ltimo a√±o de secundaria, somos tu pilote emocional. Te ayudamos a que estos meses sean m√°s llevaderos.

‚ùì¬øC√≥mo? Desde #TECHO te acompa√±amos en la construcci√≥n de una vivienda para cambiar la realidad de una familia üèòÔ∏è 

üëâ Creemos en el trabajo colaborativo y el aprendizaje constante. Por eso motivamos el espacio de construcci√≥n como un encuentro multidisciplinario para seguir construyendo en comunidad.

Para m√°s informaci√≥n coment√° ""SECUNDARIOS"" y te enviamos el formulario de inscripci√≥n, o escribinos a secundarios.argentina@techo.org üôå

#construcci√≥n #secundarios #egresados #aprendizaje #docentes";2024-08-05 18:01;"5939";;"5143";;"408";"14";"6";"15";443;"8.61";;;
