Id;URL;image;title;date;Views (organic);Views (Paid);Reach (Organic);Reach (Paid);Likes (Organic);Saved (Organic);Comments (Organic);Shares (Organic);Interactions (Organic);Interactions (Paid);Engagement (Organic);Posts clicks (Paid);Spend
"3686782338655135702_4362698656";"https://www.instagram.com/reel/DMqFQDruSfW/";"https://scontent-lhr8-1.cdninstagram.com/v/t51.71878-15/523934929_783176760814334_8251947091972885167_n.jpg?stp=dst-jpg_e35_tt6&_nc_cat=110&ccb=1-7&_nc_sid=18de74&_nc_ohc=Jm31UAjVZagQ7kNvwENtsvT&_nc_oc=AdlkT-3_yXYSNfZAea91fNbv5dFEr3j9PW3tRy60ZXrc1Gfc8JdXvsUyTUEa3SaN3Dg&_nc_zt=23&_nc_ht=scontent-lhr8-1.cdninstagram.com&edm=AM6HXa8EAAAA&_nc_gid=0U-FEjJGZZf6nFWax0kRPA&oh=00_AfWOR8IkTaW3cJ0DGCSnI89uqEpK5pZvwUkeK2-x0phqhw&oe=689A0B4E";"Reconstruir tras la emergencia: construcci√≥n en Bah√≠a Blanca

En marzo, una gran inundaci√≥n golpe√≥ Bah√≠a Blanca y afect√≥ especialmente a muchas familias en barrios populares, que perdieron todo.

En julio, construimos 7 viviendas con familias que viv√≠an en condiciones cr√≠ticas: 3 viviendas de emergencia con voluntariado movilizado de @comunidadtecho_neuquenrionegro y 4 progresivas y accesibles junto a la @fabricasocialtecho , gracias al apoyo de @afa.oficial y la campa√±a #UnGolPorUnTecho.

La asignaci√≥n y el acompa√±amiento post construcci√≥n estuvo a cargo del @municipiobahia, que lidera el proceso social y acompa√±a a las familias beneficiarias.

Este es solo el primer paso para reconstruir en comunidad.

üé• Mir√° el video completo con testimonios en nuestro canal de YouTube (link en bio).

Sumate a construir un futuro digno üëâ argentina.techo.org

#EmergenciaHabitacional #ReconstruirEnComunidad #Bah√≠aBlanca #CambioClim√°tico #UnGolPorUnTecho #ViviendaDigna #TECHO";2025-07-28 13:05;"8731";;"4816";;"256";"3";"10";"29";298;;"6.19";;
"3668652043859127514_4362698656";"https://www.instagram.com/reel/DLpq5i2u-za/";"https://scontent-lhr8-1.cdninstagram.com/v/t51.82787-15/503639955_18361066348146657_1584556736267242025_n.jpg?stp=dst-jpg_e35_tt6&_nc_cat=109&ccb=1-7&_nc_sid=18de74&_nc_ohc=6_vlRhZ_1Y8Q7kNvwELvXQW&_nc_oc=Adn1zjVn7o0Dt12L1rmp4MXaWmkoCipdz2oXUVaOsI9LFJuZ4VTSGecTmCGedywfWOI&_nc_zt=23&_nc_ht=scontent-lhr8-1.cdninstagram.com&edm=AM6HXa8EAAAA&_nc_gid=0U-FEjJGZZf6nFWax0kRPA&oh=00_AfXjXzyiAlYpIJ8-OOW1LuKLGr_JrpnfDS0_dsZ68pxAjg&oe=689A16D4";"¬øQu√© es techo?
TECHO es protecci√≥n.
TECHO es una comunidad.
TECHO es amor, comienzo y futuro.

Porque un techo no es solo una parte f√≠sica de una casa. Es dignidad, salud, identidad y oportunidad.

Este mes celebramos un hito que nos emociona y nos impulsa:
¬°Alcanzaremos la cifra de 150.000 viviendas construidas en Latinoam√©rica y el Caribe! 150 mil hogares donde ni√±os y ni√±as dejaron de dormir con miedo y de estudiar bajo goteras.

Y este es solo el comienzo.
Porqu√© techo no es solo parte de una casa.
Es todo lo que empieza cuando uno deja de vivir en un piso de tierra.

üåé Sumate a lo que viene ‚Üí coment√° ""Voluntariado"" y te contactamos! 

#Vivienda150mil  #Queestecho #NadieViveEnUnPisoDeTierra";2025-07-03 12:45;"8105";;"5222";;"267";"11";"2";"25";305;;"5.84";;
"3667347057824420024_4362698656";"https://www.instagram.com/reel/DLlCLf5stC4/";"https://scontent-lhr8-2.cdninstagram.com/v/t51.82787-15/514551530_18360860647146657_8464647998012329817_n.jpg?stp=dst-jpg_e35_tt6&_nc_cat=103&ccb=1-7&_nc_sid=18de74&_nc_ohc=JWbUOjWWhB8Q7kNvwHGUkCo&_nc_oc=AdmnsbqFe_rlZ_RzQ4Wta2K35Yg3xbY6Hrt2NKbspJ1o6UKs5sX4LhaBc2gLkM2uz4c&_nc_zt=23&_nc_ht=scontent-lhr8-2.cdninstagram.com&edm=AM6HXa8EAAAA&_nc_gid=0U-FEjJGZZf6nFWax0kRPA&oh=00_AfXzGKLmFeXkquXAUENi4tujXVp1mcMIldFPHZquJb0T-g&oe=689A0433";"Armamos una playlist con m√∫sica que nos mueve a construir una realidad mejor. Sumate como voluntario/a y transform√° la realidad vos tambi√©nüíô";2025-07-01 17:31;"10981";;"6341";;"394";"23";"21";"85";523;;"8.25";;
"3665203191211855826_4362698656";"https://www.instagram.com/reel/DLdauIhz4_S/";"https://scontent-lhr8-2.cdninstagram.com/v/t51.75761-15/513960000_18360531658146657_6984128483076378383_n.jpg?stp=dst-jpg_e35_tt6&_nc_cat=103&ccb=1-7&_nc_sid=18de74&_nc_ohc=F6lIxq0LP1YQ7kNvwFNxn8n&_nc_oc=AdkoB5OFLVvBVMdPE44B-WblkhvhObAAxU8xOL7KTIo_8IkKG_wCPd6ViLLKzosNc9Q&_nc_zt=23&_nc_ht=scontent-lhr8-2.cdninstagram.com&edm=AM6HXa8EAAAA&_nc_gid=0U-FEjJGZZf6nFWax0kRPA&oh=00_AfUaR-lcT48YQQS3k9bSeygS3GHkkVibx_64Y-OejeyNdw&oe=6899EC1C";"La m√∫sica nos mueve a construir otra realidad ‚öíÔ∏èüè° Sumate como voluntario/a en el link de nuestro perfil! Te esperamos üíô

#LaRealidadEst√°Cantada #TECHO #Voluntariado";2025-06-28 18:31;"16281";;"9228";;"465";"23";"26";"36";550;;"5.96";;
"3662259552356807075_4362698656";"https://www.instagram.com/reel/DLS9ajNgjGj/";"https://scontent-lhr8-2.cdninstagram.com/v/t51.75761-15/504475226_18360077110146657_8198250072527735664_n.jpg?stp=dst-jpg_e35_tt6&_nc_cat=101&ccb=1-7&_nc_sid=18de74&_nc_ohc=mjFRDiYOatEQ7kNvwHx8OOR&_nc_oc=Adlxn64MBEWQuXbdew3xT7YY84xItb1t0ipM-XUEytVqerjOqJ-VLI4IP-pB0fLQ5Oc&_nc_zt=23&_nc_ht=scontent-lhr8-2.cdninstagram.com&edm=AM6HXa8EAAAA&_nc_gid=0U-FEjJGZZf6nFWax0kRPA&oh=00_AfUZC5V20rBHD7eCHOqohrBkTZTb3j4KzSgtMkqp2rR0rA&oe=689A04AD";"La m√∫sica no solo se escucha. Se siente, nos atraviesa, nos une y transforma la realidad.
Vos tambi√©n podes sumarte a construir la Argentina que queremos. Coment√° ""Voluntariado"" y te mandamos el link de inscripci√≥n!

La realidad est√° cantada. Escuchala y activ√°.

#LaRealidadEst√°Cantada #TECHO #Voluntariado";2025-06-24 17:03;"19444";;"10537";;"439";"29";"11";"43";522;;"4.95";;
"3648498248849175521_4362698656";"https://www.instagram.com/reel/DKiEdOmSjPh/";"https://scontent-lhr8-1.cdninstagram.com/v/t51.75761-15/504120758_18357844291146657_4331116471183745054_n.jpg?stp=dst-jpg_e35_tt6&_nc_cat=108&ccb=1-7&_nc_sid=18de74&_nc_ohc=kTpv4BQ6E6cQ7kNvwEAWzzt&_nc_oc=AdmVlEPQUseJ4PlE9Ger61NIiMFGeDkTSfTbq9seo5bEx2ASzbUnzQmDjgrV0cFz6SU&_nc_zt=23&_nc_ht=scontent-lhr8-1.cdninstagram.com&edm=AM6HXa8EAAAA&_nc_gid=0U-FEjJGZZf6nFWax0kRPA&oh=00_AfVCeLARjnKNHOKg9bakukViO70kiS46NGonPBbkoGeV2Q&oe=689A2100";"Dej√° tu predicci√≥n del partido y asociate a TECHO ‚öΩüá¶üá∑üòé #ARGvsCHI";2025-06-05 17:22;"7194";;"4827";;"149";"2";"2";"9";162;;"3.36";;
"3644772382217268429_4362698656";"https://www.instagram.com/reel/DKU1Su5NuzN/";"https://scontent-lhr8-1.cdninstagram.com/v/t51.75761-15/502736460_18357223261146657_7308015500535868093_n.jpg?stp=dst-jpg_e35_tt6&_nc_cat=109&ccb=1-7&_nc_sid=18de74&_nc_ohc=K_UtgBbUlJkQ7kNvwHqYrMQ&_nc_oc=AdmDc_RsULaXGM3VXLP_AWNb_e4r59CLO_beAUzNzkb_DKHSCOXqJwzZQPzYzdRMUlY&_nc_zt=23&_nc_ht=scontent-lhr8-1.cdninstagram.com&edm=AM6HXa8EAAAA&_nc_gid=0U-FEjJGZZf6nFWax0kRPA&oh=00_AfWQ4s7KtJtvaFi9GAexMGT4eVVi3g-KABmyUX_ZNUF8Yg&oe=6899FF6E";"¬øUna casa as√≠? S√≠.

Cuando viv√≠s sobre piso de tierra, una vivienda de emergencia puede ser el comienzo de todo.

5 millones de personas en Argentina viven en emergencia habitacional.

Si eso te jode, mejor hac√© algo.

Ven√≠ a construir o asociate a nuestra comunidad üëâ bit.ly/sociosTECHO";2025-05-31 13:59;"159750";;"102542";;"2279";"93";"117";"851";3340;;"3.26";;
"3638340957577093399_4362698656";"https://www.instagram.com/reel/DJ9-9L8IyEX/";"https://scontent-lhr8-2.cdninstagram.com/v/t51.75761-15/500809880_18356168065146657_4436053847251919962_n.jpg?stp=dst-jpg_e35_tt6&_nc_cat=103&ccb=1-7&_nc_sid=18de74&_nc_ohc=kjZhUEM3SYMQ7kNvwEDdXMW&_nc_oc=AdkgAMMzfvpWgSydm60oj4uh1_P1_pyXsUsBW8NnXV0ZXIW1dHuMfPPJtZWAl4QDclI&_nc_zt=23&_nc_ht=scontent-lhr8-2.cdninstagram.com&edm=AM6HXa8EAAAA&_nc_gid=0U-FEjJGZZf6nFWax0kRPA&oh=00_AfWA-31ma7dEAsIfGe3KM8uyOrOWpjSpbV81D1Wv0JvAPg&oe=6899EDCC";"Un equipo listo para salir a la cancha a construir una Argentina donde nadie viva en un piso de tierra üè°

Sumate a nuestra comunidad de socios y socias desde el link en nuestra bio ü´±üèº‚Äçü´≤üèΩüíô";2025-05-22 17:01;"8386";;"5764";;"213";"6";;"8";227;;"3.94";;
"3637596963437330509_4362698656";"https://www.instagram.com/reel/DJ7VypZuMBN/";"https://scontent-lhr8-2.cdninstagram.com/v/t51.75761-15/500205445_18355965913146657_1852836546286816869_n.jpg?stp=dst-jpg_e35_tt6&_nc_cat=101&ccb=1-7&_nc_sid=18de74&_nc_ohc=bpoEOhmYJKEQ7kNvwF7Nj1T&_nc_oc=Adlj-hARypHpDyYLoyNAL4xUH4LLEQm7v0WPxnXk496-fFvK6ExcDMBcMzllO-Pn9Zc&_nc_zt=23&_nc_ht=scontent-lhr8-2.cdninstagram.com&edm=AM6HXa8EAAAA&_nc_gid=0U-FEjJGZZf6nFWax0kRPA&oh=00_AfVjuKG90jHLxOQmVi16kzd2bzvwj9V-bu3Q9Nj7FP4S8w&oe=6899F092";"¬øPor qu√© hablamos del FISU? üë∑ Porque fue una herramienta concreta para transformar barrios populares, nuestro principal foco de trabajo #notibarrios";2025-05-21 16:23;"18507";;"11046";;"352";"9";"7";"52";420;;"3.8";;
"3632547811661993038_4362698656";"https://www.instagram.com/reel/DJpZv0XvFRO/";"https://scontent-lhr8-2.cdninstagram.com/v/t51.75761-15/497566985_18355156657146657_7289888850291899900_n.jpg?stp=dst-jpg_e35_tt6&_nc_cat=106&ccb=1-7&_nc_sid=18de74&_nc_ohc=U4wplknneqgQ7kNvwE0afnA&_nc_oc=AdkbynRQhWl0bCo2BfS1TnMfhyYc4QUQt-6gDWpJBsGHJ5-_hkv3paE1NmBDwEQjOak&_nc_zt=23&_nc_ht=scontent-lhr8-2.cdninstagram.com&edm=AM6HXa8EAAAA&_nc_gid=0U-FEjJGZZf6nFWax0kRPA&oh=00_AfXpgcKYZOkM2y2lnSDlKkeLVwwpiQBW-ttVRQ0nEZ512w&oe=6899EF1F";"Con $10.000 podes asociarte a TECHO y cambiar la realidad de una familia üíô";2025-05-14 17:11;"19279";;"12133";;"639";"12";;"31";682;;"5.62";;
"3628857588470212490_4362698656";"https://www.instagram.com/reel/DJcSsANP2eK/";"https://scontent-lhr8-1.cdninstagram.com/v/t51.75761-15/496008654_18354567109146657_555047424872153212_n.jpg?stp=dst-jpg_e35_tt6&_nc_cat=108&ccb=1-7&_nc_sid=18de74&_nc_ohc=BMLMjRAy_ecQ7kNvwGJh5Hq&_nc_oc=Adle4d4hKdWCCPt4YjAYe2hXONC6UhKe96uMeFULMGTyCIYmy411qx9lQRh4zBZDO-E&_nc_zt=23&_nc_ht=scontent-lhr8-1.cdninstagram.com&edm=AM6HXa8EAAAA&_nc_gid=0U-FEjJGZZf6nFWax0kRPA&oh=00_AfVIzQkl_SLOdPuduJvIvB9IETQ2tasDN-XLlHuAuVFKcg&oe=6899FFED";"Detr√°s de cada uno de nosotros hay una historia para contar üíô

Gracias a Manu y a su mam√° por compartir sus ""buen√≠simos"", por su tiempo y por poner el cuerpo a esta causa.

Si vos tambi√©n quer√©s sumarte podes hacerlo desde nuestra plataforma de actividades o donando mensualmente como socio/a (link en bio) ü´±üèº‚Äçü´≤üèΩ";2025-05-09 14:59;"12544";;"8941";;"434";"10";"22";"52";518;;"5.79";;
"3626733767236497664_4362698656";"https://www.instagram.com/reel/DJUvyVjC7EA/";"https://scontent-lhr8-2.cdninstagram.com/v/t51.75761-15/496066303_18354206872146657_815988994329964754_n.jpg?stp=dst-jpg_e35_tt6&_nc_cat=101&ccb=1-7&_nc_sid=18de74&_nc_ohc=PaFli9nPJ6kQ7kNvwFnnGF_&_nc_oc=Adm7A0BxXXQoHFx4h0l1SqzN4yxW75oIC0hQvx7vaWIp7Ziz781DKQnhjsmuI2QD5W0&_nc_zt=23&_nc_ht=scontent-lhr8-2.cdninstagram.com&edm=AM6HXa8EAAAA&_nc_gid=0U-FEjJGZZf6nFWax0kRPA&oh=00_AfVwMuPCkQv6G51DS8AucRwLuaH4jAeVHBCE5fH0GopqyQ&oe=6899FA91";"Si est√°s en Buenos Aires ya ten√©s listo tu plan para este finde. Nos vemos ah√≠? üíô #buenosairesrun";2025-05-06 16:40;"14308";;"9653";;"214";"7";"4";"18";243;;"2.52";;
"3623860512987103393_4362698656";"https://www.instagram.com/reel/DJKie_AKUCh/";"https://scontent-lhr8-2.cdninstagram.com/v/t51.71878-15/503814990_4186162871620610_7034956870731961092_n.jpg?stp=dst-jpg_e35_tt6&_nc_cat=106&ccb=1-7&_nc_sid=18de74&_nc_ohc=7vuI9lXQOy4Q7kNvwGWAMDO&_nc_oc=AdmsoMUOCduOBGwfazxLuijNg7ZEi9FVu8HCGBjb2dYYY9irhoilQ4686YjnBmMWb5c&_nc_zt=23&_nc_ht=scontent-lhr8-2.cdninstagram.com&edm=AM6HXa8EAAAA&_nc_gid=0U-FEjJGZZf6nFWax0kRPA&oh=00_AfWXIF4E37DqUjQvm46CxeBpIrZWd3LbUsQrrfQ2abH-Vg&oe=689A188A";"Queremos m√°s Eduardos üòé

üíô Somos TECHO gracias a todos los que nos apoyan, gracias a nuestra comunidad de socios y socias de la cu√°l vos tambi√©n podes ser parte.

‚û°Ô∏è Si ya sos socio/a, comentanos porque eleg√≠s ser parte de esta gran comunidad para que m√°s personas se sumen!";2025-05-02 17:31;"9065";;"4588";;"208";"3";"3";"2";216;;"4.71";;
"3618730700661760013_4362698656";"https://www.instagram.com/reel/DI4UGY-vqAN/";"https://scontent-lhr8-1.cdninstagram.com/v/t51.71878-15/501919130_1851443315633531_4366092627658661535_n.jpg?stp=dst-jpg_e35_tt6&_nc_cat=107&ccb=1-7&_nc_sid=18de74&_nc_ohc=MdIqVhL4NLAQ7kNvwF-NkSg&_nc_oc=AdmYTd7FqAKMgdu3N83HWDQictsS2jm_ZQvmjijsh8AOCIskEMs-9JrA6kUYqAXuZQY&_nc_zt=23&_nc_ht=scontent-lhr8-1.cdninstagram.com&edm=AM6HXa8EAAAA&_nc_gid=0U-FEjJGZZf6nFWax0kRPA&oh=00_AfX_7bYEr6WxRVpD0l8miLQl-4VaLfSxgawgXPaZsrf8bA&oe=689A1F5D";"Cristian nunca imagin√≥ que algo as√≠ pod√≠a pasarle.
Hasta que un grupo de personas que no conoc√≠a lleg√≥ a su barrio con un sue√±o en com√∫n: construir un hogar digno junto a √©l y su familia. üè°

üíô Con esfuerzo compartido, manos solidarias y muchas emociones en el medio, hoy sus hijas tienen un techo seguro y un futuro distinto por delante.

Su historia es una de las tantas que queremos multiplicar y para hacerlo necesitamos tu aporte. Podes sumarte con tu donaci√≥n mensual a nuestra comunidad de socios y socias (link en bio) ü´±üèº‚Äçü´≤üèΩ

üé• @gonnza_d";2025-04-25 15:39;"23626";;"15147";;"479";"18";"12";"70";579;;"3.82";;
"3616616567559911113_4362698656";"https://www.instagram.com/reel/DIwzZtGM3bJ/";"https://scontent-lhr6-2.cdninstagram.com/v/t51.75761-15/491438200_18352624753146657_890128952680839644_n.jpg?stp=dst-jpg_e35_tt6&_nc_cat=100&ccb=1-7&_nc_sid=18de74&_nc_ohc=oP_aeG_vpL0Q7kNvwFKk02K&_nc_oc=AdkCK3HWn3J1cqqt-xAehYMA9MsM1eo7YuWuP-SqJZGwM3Q50qvvzxz6QUc-9_yO8Uk&_nc_zt=23&_nc_ht=scontent-lhr6-2.cdninstagram.com&edm=AM6HXa8EAAAA&_nc_gid=0U-FEjJGZZf6nFWax0kRPA&oh=00_AfWxT6mDaPEs48B1QFVWvIJ_1vQipUWO9L-O6u9FEc8r6Q&oe=6899EA32";"Desaf√≠o activadoüí° Queremos lograr 1.100 socios y socias para construir 1.000 viviendas este 2025 ‚úÖ

Asociate a TECHO y constru√≠ con nosotros todos los d√≠as üè°";2025-04-22 17:39;"20978";;"12745";;"493";"20";"4";"70";587;;"4.61";;
"3596969616313362612_4362698656";"https://www.instagram.com/reel/DHrAM74Oyi0/";"https://scontent-lhr6-2.cdninstagram.com/v/t51.71878-15/486834572_2125462881242849_6758379490993704927_n.jpg?stp=dst-jpg_e35_tt6&_nc_cat=102&ccb=1-7&_nc_sid=18de74&_nc_ohc=XFe5b4sqQpQQ7kNvwEJl58y&_nc_oc=Admr8Th7sI9UucKf5JMJSWNbByycJKlTNOyVBpyQl11t9DaCFCtkkUshH07cC9_SWSc&_nc_zt=23&_nc_ht=scontent-lhr6-2.cdninstagram.com&edm=AM6HXa8EAAAA&_nc_gid=0U-FEjJGZZf6nFWax0kRPA&oh=00_AfWbb4GbNFsyxCUhBvktwsB6uFXzCcgJ89T3yJ21xClsuw&oe=689A1A3C";"La emoci√≥n de vivir #UnGolPorUnTECHO ‚öΩÔ∏è

Gracias @afaseleccion üôèüèΩüá¶üá∑ 

#argentinabrasil";2025-03-26 15:04;"12412";;"7628";;"674";"6";"15";"26";721;;"9.45";;
"3596413456535480133_4362698656";"https://www.instagram.com/reel/DHpBvvuO2dF/";"https://scontent-lhr8-1.cdninstagram.com/v/t51.75761-15/486021751_18349627162146657_371525723863286651_n.jpg?stp=dst-jpg_e35_tt6&_nc_cat=109&ccb=1-7&_nc_sid=18de74&_nc_ohc=LdpJ9FqGShIQ7kNvwGK-krK&_nc_oc=Adk3obGtXDRgKmTFXFTPufsQOB7wdNPcn5dLxxxrinAWQ8ud-VFfLwH-KYlrEgZOEls&_nc_zt=23&_nc_ht=scontent-lhr8-1.cdninstagram.com&edm=AM6HXa8EAAAA&_nc_gid=0U-FEjJGZZf6nFWax0kRPA&oh=00_AfXhRItUyKhgX66nQ0Bkg7zwLYybGBYyx7_0fA-cxxh4Mw&oe=689A1D96";"Vamos Argentina, Vamos Selecci√≥n üá¶üá∑

Info clave sobre el convenio que firmamos desde @techo_argentina con @afa.oficial ü´±üèª‚Äçü´≤üèº‚öΩÔ∏è

#UnGolPorUnTECHO üá¶üá∑ #seleccion #argentina #brasil @afaseleccion";2025-03-25 20:39;"21204";;"13421";;"628";"15";"19";"99";761;;"5.67";;
"3578773267529969589_4362698656";"https://www.instagram.com/reel/DGqW1Neya-1/";"https://scontent-lhr8-1.cdninstagram.com/v/t51.71878-15/495593519_1887084482102577_7427635221854492064_n.jpg?stp=dst-jpg_e35_tt6&_nc_cat=107&ccb=1-7&_nc_sid=18de74&_nc_ohc=HrIVe18LX2oQ7kNvwFANx2R&_nc_oc=AdlrI38lrmDiB_RbnPZ_ZXfU3aHVGuF08tSx_9796bKsUylez_OQ5LS5y17on1iyImA&_nc_zt=23&_nc_ht=scontent-lhr8-1.cdninstagram.com&edm=AM6HXa8EAAAA&_nc_gid=32v4RJavfa95adFXzA8pQg&oh=00_AfVELPc_vCryUbC0ySW2MOX4dMnrXNVlo1aq0wE3QHsuzg&oe=68977D0A";"En @techo_org , estamos comprometidos no solo con reconstruir, sino con reimaginar: buscamos construir un futuro donde cada familia pueda vivir en un hogar seguro y sostenible, resistente ante los desaf√≠os del cambio clim√°tico. 

#ViviendaResiliente #ROOH #RacetoResilience #TECHO";2025-03-01 12:31;"11698";;"6897";;"515";"11";"31";"75";632;;"9.16";;
"3577339521646258796_4362698656";"https://www.instagram.com/reel/DGlQ1dksOps/";"https://scontent-lhr8-1.cdninstagram.com/v/t51.71878-15/503756191_1841677153043275_4828786528693344275_n.jpg?stp=dst-jpg_e35_tt6&_nc_cat=107&ccb=1-7&_nc_sid=18de74&_nc_ohc=wMHdqmqHYdQQ7kNvwF24vu-&_nc_oc=AdmjI0N3KRvdiZSbVlUcLIy09nCWRliOd4nGvU41uc_D5mCUzPTAXVV-SDynUOYk_tM&_nc_zt=23&_nc_ht=scontent-lhr8-1.cdninstagram.com&edm=AM6HXa8EAAAA&_nc_gid=32v4RJavfa95adFXzA8pQg&oh=00_AfUIH5fn-3A4YwWVB7ntOM8C6MCWs_UBTT6Ub_x6uOB4iw&oe=6897756F";"Tu aporte nos permite seguir trabajando en transformar la realidad de los barrios populares de Argentina.

Sumate a la comunidad de socios/as üíô

*Ingres√° al link en nuestro perfil o coment√° ""comunidad"" y te mandamos por privado üíå";2025-02-27 13:02;"12185";;"7974";;"343";"15";"4";"40";402;;"5.04";;
"3576735636249420359_4362698656";"https://www.instagram.com/reel/DGjHhxeIKJH/";"https://scontent-lhr8-1.cdninstagram.com/v/t51.71878-15/503329203_679443728204792_2782804972817347212_n.jpg?stp=dst-jpg_e35_tt6&_nc_cat=110&ccb=1-7&_nc_sid=18de74&_nc_ohc=FE9zJOqjpWMQ7kNvwFD-6tZ&_nc_oc=Adk7GO7UMqeEQkEcjkEhlVQ8mfgA7JX5x9HE8T2zA8NIphcEW7ve1vj_s1i9f_6kA7o&_nc_zt=23&_nc_ht=scontent-lhr8-1.cdninstagram.com&edm=AM6HXa8EAAAA&_nc_gid=32v4RJavfa95adFXzA8pQg&oh=00_AfWVg6sEHSP8AG4ae4iOrqBgU9SUUqlFsJ4nP-sRY2BxYw&oe=68977896";"Recuerdo de nuestra √∫ltima construcci√≥n nacional üõ†Ô∏èüíô

131 viviendas en Concordia, Entre R√≠os. 

Est√°n listos para la pr√≥xima? üëÄüëÄüëÄüëÄ

üìπ @gonnza_d";2025-02-26 17:03;"50241";;"31979";;"818";"28";"57";"210";1113;;"3.48";;
"3571541289170497234_4362698656";"https://www.instagram.com/reel/DGQqeExpe7S/";"https://scontent-lhr6-2.cdninstagram.com/v/t51.71878-15/503563518_1632015004126645_4006396594548371291_n.jpg?stp=dst-jpg_e35_tt6&_nc_cat=104&ccb=1-7&_nc_sid=18de74&_nc_ohc=gQshgJ-8-ooQ7kNvwFO5g0T&_nc_oc=Admbj9lowZQAAPStElGeOSyrwzrd5Yra5WJF9STthH8HZfLijiAmNwODzTcW6ztaf68&_nc_zt=23&_nc_ht=scontent-lhr6-2.cdninstagram.com&edm=AM6HXa8EAAAA&_nc_gid=32v4RJavfa95adFXzA8pQg&oh=00_AfW1mGOI2ztBhE-Lku-k2Ih2upGpLUaPxEH28RO4fJXazQ&oe=68975075";"Es oficial, tenemos una nueva herramienta üî© #punzontechero";2025-02-19 13:02;"16715";;"8925";;"688";"14";"36";"68";806;;"9.03";;
"3567902001330263143_4362698656";"https://www.instagram.com/reel/DGDu_d2shRn/";"https://scontent-lhr8-1.cdninstagram.com/v/t51.71878-15/497744576_9674257995994553_3173535623557906296_n.jpg?stp=dst-jpg_e35_tt6&_nc_cat=109&ccb=1-7&_nc_sid=18de74&_nc_ohc=groxRMJFTMAQ7kNvwFDeGkL&_nc_oc=Adk9yMZzOGrtczaa5lHNIUcqSAb0kSGEPqqEJy-SJ6OVnLPKmalbz9b878ahDMDSuVU&_nc_zt=23&_nc_ht=scontent-lhr8-1.cdninstagram.com&edm=AM6HXa8EAAAA&_nc_gid=32v4RJavfa95adFXzA8pQg&oh=00_AfW0AHl-BcgrS3V-CzS8bB8UTMsQRinxouBhITwOIrEymQ&oe=689766F8";"Alguna vez te preguntaste qu√© es el trabajo comunitario? üëÄ

Dentro de un barrio popular hay muchas personas que se organizan y trabajan para mejorar las condiciones en las que viven. Araceli es una de ellas y nos cuenta como es su d√≠a a d√≠a üí™";2025-02-14 12:32;"3783";;"2288";;"131";"5";;"3";139;;"6.08";;
"3565002717555731276_4362698656";"https://www.instagram.com/reel/DF5bxVbNitM/";"https://scontent-lhr6-2.cdninstagram.com/v/t51.71878-15/504277538_2048999172275059_6616839062362089516_n.jpg?stp=dst-jpg_e35_tt6&_nc_cat=100&ccb=1-7&_nc_sid=18de74&_nc_ohc=25-TsjaMFSIQ7kNvwHiOuX8&_nc_oc=AdmPstOGVTv1kVlsQXPckBvSxEToef6L_lm2zHf6FE0BCKWNi95dCF2JE1efebbuay8&_nc_zt=23&_nc_ht=scontent-lhr6-2.cdninstagram.com&edm=AM6HXa8EAAAA&_nc_gid=32v4RJavfa95adFXzA8pQg&oh=00_AfU8A9zVEpq72sylUtj-Jind5NAXmKFyFJj4NfFutq5fIg&oe=6897577C";"Creemos que es posible construir una sociedad sin violencia y para todos üíô 

Encontrarse en comunidad, charlar, debatir y escuchar nos acerca y nos permite construir una mejor sociedad. Qu√© cosas haces para llevarte mejor con qui√©n tenes al lado?";2025-02-10 12:31;"3899";;"2427";;"111";"5";;"4";120;;"4.94";;
"3557045820155640712_4362698656";"https://www.instagram.com/reel/DFdKlPQKjuI/";"https://scontent-lhr6-2.cdninstagram.com/v/t51.71878-15/503254033_2194812641036456_1946605209401376595_n.jpg?stp=dst-jpg_e35_tt6&_nc_cat=105&ccb=1-7&_nc_sid=18de74&_nc_ohc=ORIKZ9mjsIEQ7kNvwHVesYZ&_nc_oc=AdkkHWi8mLXfpSh-OrV9zZpYUybDm9owwM3FKlEFLq2mudf_hiqPMJfe98mp8EFV6ws&_nc_zt=23&_nc_ht=scontent-lhr6-2.cdninstagram.com&edm=AM6HXa8EAAAA&_nc_gid=32v4RJavfa95adFXzA8pQg&oh=00_AfXOtyXNV6coAtE4nmRJlMseLgRClGugCL9Fet3Q2W0-TQ&oe=68977269";"Lo que vivimos no lo pueden apagar üíô @gauchito_club

Qui√©n m√°s tiene una canci√≥n techera? Avisen y armamos una playlist üòé

#comunidadtechera #voluntariadotecho #techoargentina";2025-01-30 13:03;"17895";;"9326";;"650";"19";"33";"56";758;;"8.13";;
"3529488592430859536_4362698656";"https://www.instagram.com/reel/DD7Qyy-ooUQ/";"https://scontent-lhr6-2.cdninstagram.com/v/t51.71878-15/503332802_608868258892415_8796143356740716780_n.jpg?stp=dst-jpg_e35_tt6&_nc_cat=102&ccb=1-7&_nc_sid=18de74&_nc_ohc=KcO0HZPVzdUQ7kNvwHHbGz4&_nc_oc=Adkeeqyvb2ZEZaeO6LjZJHdlwUoy-X3ZuqHHTlLGd12a-kgExxo7ddBiRVZ74AUA-Jg&_nc_zt=23&_nc_ht=scontent-lhr6-2.cdninstagram.com&edm=AM6HXa8EAAAA&_nc_gid=32v4RJavfa95adFXzA8pQg&oh=00_AfU58LvK9wSdIIGiwHVEDRQNE5YmgcKmJhlHjgZCv-IsHA&oe=6897473A";"Reflexi√≥n de fin de a√±o ‚û°Ô∏è ¬øuna casa mejora la salud mental? ü§î
#psicologia #vivienda #habitat #saludmental";2024-12-23 12:31;"9863";;"9116";;"302";"32";"4";"35";373;;"4.09";;
"3527314311476247558_4362698656";"https://www.instagram.com/reel/DDzia2CsXwG/";"https://scontent-lhr8-1.cdninstagram.com/v/t51.71878-15/502968894_1334402367659821_379559920755973170_n.jpg?stp=dst-jpg_e35_tt6&_nc_cat=108&ccb=1-7&_nc_sid=18de74&_nc_ohc=se7Fn4g68JcQ7kNvwGmlBEu&_nc_oc=AdnNk9DoToVEUSSQnEk_-w2PLhDcw8HUrOwGIWOHbw7c5r2a_dqz_VxSpRHytJgb2yk&_nc_zt=23&_nc_ht=scontent-lhr8-1.cdninstagram.com&edm=AM6HXa8EAAAA&_nc_gid=32v4RJavfa95adFXzA8pQg&oh=00_AfXrYF6hljzdyX3k5iuSBziZg_UAGkA1NNi3GUgruAMFlw&oe=68976A81";"Lanzamos un informe sobre resiliencia clim√°tica en barrios populares de Argentina junto con @jovenesporelclimarg üìãüåé 

Si quer√©s leerlo coment√° ""INFORME"" y te lo enviamos üìé

#crisisclimatica #habitat #barriospopulares";2024-12-20 12:31;"12046";;"11465";;"281";"8";"29";"42";360;;"3.14";;
"3520177937044857157_4362698656";"https://www.instagram.com/reel/DDaLy7bueFF/";"https://scontent-lhr8-2.cdninstagram.com/v/t51.71878-15/503079918_1775176310011123_5597576166765029334_n.jpg?stp=dst-jpg_e35_tt6&_nc_cat=101&ccb=1-7&_nc_sid=18de74&_nc_ohc=EwPbsN21Z3oQ7kNvwGrkDz1&_nc_oc=AdnD3gUnNkXtomCrBagrmaOacILmlBBYyKVDsYlBYYR4Maj6O1LsGnKWZPDISrIntv8&_nc_zt=23&_nc_ht=scontent-lhr8-2.cdninstagram.com&edm=AM6HXa8EAAAA&_nc_gid=32v4RJavfa95adFXzA8pQg&oh=00_AfVWR-NwiOMz0zIfZgpZnQAh5jTOJkN5rqI5g1BabvKMqw&oe=689755F5";"Nuestros amigos de @asuntosdelsur crearon la Red Argentina de Juventudes, porque la participaci√≥n es un derecho que a veces nos olvidamos de ejercer üò∂‚Äçüå´Ô∏è

Te invitamos a hacer, porque cuando las juventudes participamos, transformamos el mundo que habitamos. El futuro es nuestro, pero el presente, tambi√©n!

¬øSe te ocurre alguna herramienta m√°s? Dejanos en comentarios üëáüèº";2024-12-10 16:12;"5537";;"4626";;"199";"12";"16";"18";245;;"5.3";;
"3517277803428190446_4362698656";"https://www.instagram.com/reel/DDP4YbhtBju/";"https://scontent-lhr6-2.cdninstagram.com/v/t51.71878-15/502754321_1371227634160899_3971359862981047739_n.jpg?stp=dst-jpg_e35_tt6&_nc_cat=105&ccb=1-7&_nc_sid=18de74&_nc_ohc=PlTK_ghbplEQ7kNvwGDcebb&_nc_oc=Adlvam3fEMLDFE9BnMoO2henn2FziqWZSBm0khxTKMC88G41P6M2syv4YoCAaTV2PYA&_nc_zt=23&_nc_ht=scontent-lhr6-2.cdninstagram.com&edm=AM6HXa8EAAAA&_nc_gid=32v4RJavfa95adFXzA8pQg&oh=00_AfWAIdIZ0uEaKnmtbBESqdtxM7p7-2KRS51-SjT69R9vVQ&oe=68975944";"Creemos que las juventudes movilizadas pueden lograr grandes cambios üî•y para eso es necesario contar con un espacio propio donde desarrollarse. Las viviendas que construimos con el voluntariado son el primer escal√≥n para que una familia pueda so√±ar con un futuro distinto.

Vamos a estar presentes en el @bsastrap con una vivienda interactiva, donde vas a encontrar un recorrido inmersivo de experiencias, arte e historias en primera persona.

Porque un techo puede cambiarlo todo. Y vos pod√©s ser parte de ese cambio.
¬øNos vemos el 7 y 8 de diciembre?";2024-12-06 16:10;"4677";;"4357";;"176";"3";"9";"10";198;;"4.54";;
"3516575865834633605_4362698656";"https://www.instagram.com/reel/DDNYx5MyPmF/";"https://scontent-lhr6-2.cdninstagram.com/v/t51.71878-15/503110415_2642012375997219_7980426459315615171_n.jpg?stp=dst-jpg_e35_tt6&_nc_cat=105&ccb=1-7&_nc_sid=18de74&_nc_ohc=B-fhXc2Kxn0Q7kNvwG8rUbo&_nc_oc=AdnY_0jo1xtYFX__F04V6f-VknX_E_buiIiEEv1SXDuqEyuN_uUBaQ8taQicqsE0OTc&_nc_zt=23&_nc_ht=scontent-lhr6-2.cdninstagram.com&edm=AM6HXa8EAAAA&_nc_gid=32v4RJavfa95adFXzA8pQg&oh=00_AfWCqZYUy5XcPDNxFMy4Mmoz_sakQxoOJGXo_dZldTckvg&oe=68975208";"Feliz d√≠a del voluntario/a a toda nuestra comunidad üíô

@valen_hansen nos dej√≥ 5 razones por las que siempre que puede vuelve a construir üî®üèò‚ú®Ô∏è 

Contanos cu√°les son las tuyas üí¨üëáüèΩ";2024-12-05 16:58;"11226";;"10831";;"554";"40";"10";"85";689;;"6.36";;
"3514453822115759329_4362698656";"https://www.instagram.com/reel/DDF2SF-uUTh/";"https://scontent-lhr6-2.cdninstagram.com/v/t51.75761-15/468993139_18336013309146657_8065573875608417488_n.jpg?stp=dst-jpg_e35_tt6&_nc_cat=100&ccb=1-7&_nc_sid=18de74&_nc_ohc=I4KZFWNz6PgQ7kNvwH268GK&_nc_oc=AdmNqPtK6Crn0P71Ml428YJMla4aTt5PYckwmnjDdQ0zJox_mxyyeLf9HdpZOupQNko&_nc_zt=23&_nc_ht=scontent-lhr6-2.cdninstagram.com&edm=AM6HXa8EAAAA&_nc_gid=32v4RJavfa95adFXzA8pQg&oh=00_AfWAlRoT4vAMj-dFwbF1cCL379emC-vBgOXm3nhXwIP1fw&oe=6897521A";"Durante 1 semana, m√°s de 1.400 personas, entre familias de los barrios, voluntariado de 12 provincias y la comunidad local, nos movilizamos para construir 131 viviendas en Concordia, Entre R√≠os.

Hoy 131 familias tienen un techo donde vivir gracias a todos los que fueron parte üíô

Esto es el resumen de nuestro valor m√°s grande: el poder del hacer.

@gobiernoer @concordia.municipalidad @invytam";2024-12-02 18:46;"45900";;"39979";;"1114";"33";"112";"341";1600;;"4";;
"3509474142786687848_4362698656";"https://www.instagram.com/reel/DC0KCONOBNo/";"https://scontent-lhr8-1.cdninstagram.com/v/t51.71878-15/503355000_2076503142834757_677159127001789945_n.jpg?stp=dst-jpg_e35_tt6&_nc_cat=108&ccb=1-7&_nc_sid=18de74&_nc_ohc=G8RNbUn6fO0Q7kNvwEYhHMo&_nc_oc=Adlg3E9s9vlQgArQ3noLWn2DTOMAa85nLe1ntcqcyTth8SZ3InbkHT3TBE8oVPurogk&_nc_zt=23&_nc_ht=scontent-lhr8-1.cdninstagram.com&edm=AM6HXa8EAAAA&_nc_gid=32v4RJavfa95adFXzA8pQg&oh=00_AfUYv_p1vwBsU78uDjkNhuZVWGEsYQcwLQFQReN5KCsYxw&oe=6897791D";"Los estereotipos de g√©nero se hacen presente en los barrios populares.

üëâüèΩLa falta de infraestructura y acceso a servicios en los barrios populares marca a√∫n m√°s la desigualdad de g√©nero y violencia contra las mujeres.

üü£ D√≠a Internacional de la Eliminaci√≥n de la Violencia contra la Mujer";2024-11-25 21:50;"3864";;"3854";;"128";"5";"1";"6";140;;"3.63";;
"3506281790004684480_4362698656";"https://www.instagram.com/reel/DCo0LX_pmbA/";"https://scontent-lhr8-1.cdninstagram.com/v/t51.71878-15/498941714_1791753704719543_6750005662141394527_n.jpg?stp=dst-jpg_e35_tt6&_nc_cat=109&ccb=1-7&_nc_sid=18de74&_nc_ohc=4HaOw_aRg6kQ7kNvwFouazD&_nc_oc=Adl-SlY9nWfIszy6HwCGByld67gfx_vkjHSVipXn9NRGXVIAxKZzKpMBUHvTe2sRjS4&_nc_zt=23&_nc_ht=scontent-lhr8-1.cdninstagram.com&edm=AM6HXa8EAAAA&_nc_gid=32v4RJavfa95adFXzA8pQg&oh=00_AfV_TrUP1xM9U4SvZ-XQQNVCmYau5bMHs-trgg-HMYPqug&oe=68976AFC";"Este a√±o nos propusimos un gran sue√±o: lograr que 1001 familias dejen de vivir sobre un piso de tierra y terminen el 2024 bajo un techo seguro üè†üîúüíô

Sumate y don√° en link.mercadopago.com.ar/colectatecho2024 (link en bio)";2024-11-21 12:03;"4286";;"4053";;"188";"2";"1";"10";201;;"4.96";;
"3504846377633993452_4362698656";"https://www.instagram.com/reel/DCjtzYDMFLs/";"https://scontent-lhr8-1.cdninstagram.com/v/t51.71878-15/503074519_2589526221400326_2368322233879772193_n.jpg?stp=dst-jpg_e35_tt6&_nc_cat=110&ccb=1-7&_nc_sid=18de74&_nc_ohc=mv9BNLmi-VIQ7kNvwFR-Z9S&_nc_oc=AdlACUNB2FT_4xR28f2sBzctn_gdcNJEg8YICaGSbWFzGtK1vRlaqhvd3o1_0Zt-6lM&_nc_zt=23&_nc_ht=scontent-lhr8-1.cdninstagram.com&edm=AM6HXa8EAAAA&_nc_gid=32v4RJavfa95adFXzA8pQg&oh=00_AfUn4NighfkGa0H7_5d7O3IN7B1iWsFRajzZf760c1kKqA&oe=68977142";"Con tu donaci√≥n est√°s logrando que 1.001 familias terminen el a√±o bajo un techo seguro üïπÔ∏è
Sumate y don√° en link.mercadopago.com.ar/colectatecho2024 (link en bio)";2024-11-19 12:31;"11841";;"10538";;"539";"30";"3";"48";620;;"5.88";;
"3501948107812673031_4362698656";"https://www.instagram.com/reel/DCZaz_8BpYH/";"https://scontent-lhr8-1.cdninstagram.com/v/t51.71878-15/503023674_1209704537287839_7498145231013973563_n.jpg?stp=dst-jpg_e35_tt6&_nc_cat=108&ccb=1-7&_nc_sid=18de74&_nc_ohc=law0gx2u64MQ7kNvwHKOPiG&_nc_oc=Adn0aR-PS-vOa2atFAq6DRhyhZZCxHK9f8iE7cwnwQtCQk_DrtByXlXaPYlFA7EkSh0&_nc_zt=23&_nc_ht=scontent-lhr8-1.cdninstagram.com&edm=AM6HXa8EAAAA&_nc_gid=32v4RJavfa95adFXzA8pQg&oh=00_AfVz0WuOtHSt5dsSTCxVm9kyBIcqohhUQY1v-acmoCNKHA&oe=689766A1";"Argentina es el octavo pa√≠s m√°s grande del mundo ü´¢ Con un territorio tan grande sino planificamos el crecimiento y desarrollo de nuestras ciudades, las desigualdades se profundizan üèôÔ∏è

#presupuesto2025 #agenda2025 #planificacionurbana #bahiablanca #argentina";2024-11-15 12:33;"8768";;"7096";;"457";"10";"10";"45";522;;"7.36";;
"3499891666436396295_4362698656";"https://www.instagram.com/reel/DCSHO1qSpUH/";"https://scontent-lhr8-1.cdninstagram.com/v/t51.71878-15/497839867_1821314142044813_8404054810530425139_n.jpg?stp=dst-jpg_e35_tt6&_nc_cat=110&ccb=1-7&_nc_sid=18de74&_nc_ohc=Zo61wTyKIX4Q7kNvwE_wLJh&_nc_oc=AdmPP8iK_tc8eKAaelBEEfjKjVU__EK9N7Eb9KaFJThVEjevq95ccRm-9nC3nLTCMXI&_nc_zt=23&_nc_ht=scontent-lhr8-1.cdninstagram.com&edm=AM6HXa8EAAAA&_nc_gid=32v4RJavfa95adFXzA8pQg&oh=00_AfX378LQ-_4y8SBpfqi5LjwGVWyG3LpOVt_eaRtW6Ibzqg&oe=68975200";"Abrimos el consultorio y hablamos de las emociones con Xime, nuestra psic√≥loga de confianza üíÖüèº

De que m√°s les gustar√≠a charlar? ü§îüí¨

#saludmental #pobreza #barriospopulares #psicologia";2024-11-12 16:30;"6218";;"5431";;"176";"7";"8";"15";206;;"3.79";;
"3496251165006908537_4362698656";"https://www.instagram.com/reel/DCFLekfyEx5/";"https://scontent-lhr8-2.cdninstagram.com/v/t51.71878-15/503802495_9986773671408540_5221833034686933764_n.jpg?stp=dst-jpg_e35_tt6&_nc_cat=103&ccb=1-7&_nc_sid=18de74&_nc_ohc=NRwXxMK4Wi4Q7kNvwELztIF&_nc_oc=AdkwHpfYggOyAJZvvOzwgnZzH8jpsZOh1WA6BFtriJtLpoCa2WkohrPcuX5md_biem0&_nc_zt=23&_nc_ht=scontent-lhr8-2.cdninstagram.com&edm=AM6HXa8EAAAA&_nc_gid=32v4RJavfa95adFXzA8pQg&oh=00_AfWsyVk6Ebd0IgDr7GJIaT1GZyrD99KkejWLCskaz38bPg&oe=68976746";"Qu√© onda con la inteligencia artificial? ü§ñ

Nos juntamos con @fundacionbungeyborn para entender un poco m√°s de este mundo y usarlo a nuestro favor üôåüèº

Este proyecto reci√©n arranca y necesitamos aliados en el camino, escribinos para poder ser parte üí¨üëáüèΩ

#ia #inteligenciaartificial #primerainfancia";2024-11-07 15:58;"5271";;"5142";;"284";"12";"43";"33";372;;"7.23";;
"3494790180601590242_4362698656";"https://www.instagram.com/reel/DB__ScvR_Hi/";"https://scontent-lhr8-1.cdninstagram.com/v/t51.71878-15/503921456_1227595441562702_5240701590794419336_n.jpg?stp=dst-jpg_e35_tt6&_nc_cat=107&ccb=1-7&_nc_sid=18de74&_nc_ohc=x55VYPzz6-IQ7kNvwFgkmi7&_nc_oc=AdlGdsIl2fTCjDwdcekQXH1wTIS41w8SxyxbiJrobVpVc2ZM2Q3NymrMkKoSko12-v0&_nc_zt=23&_nc_ht=scontent-lhr8-1.cdninstagram.com&edm=AM6HXa8EAAAA&_nc_gid=32v4RJavfa95adFXzA8pQg&oh=00_AfX_aHaclkPKYgEn1RKazUyf9RNw9oj4AcJsrs7kE8na8w&oe=68974739";"No solo es una vivienda, son historias de vida que te llegan al ‚ù§Ô∏è‚Äçü©π

Gracias Mike por ser ejemplo de que se puede ser protagonista del cambio que queremos ver en el mundo üèòüôåüèº

Si quer√©s ser voluntario/a anotate en actividades.techo.org/argentina üá¶üá∑";2024-11-05 15:37;"15426";;"13622";;"697";"20";"90";"95";902;;"6.62";;
"3489728832837112630_4362698656";"https://www.instagram.com/reel/DBuAeJTsdM2/";"https://scontent-lhr6-2.cdninstagram.com/v/t51.71878-15/504078358_714076014358615_3743677375834278459_n.jpg?stp=dst-jpg_e35_tt6&_nc_cat=100&ccb=1-7&_nc_sid=18de74&_nc_ohc=B-o-wU1XgyMQ7kNvwEsRsam&_nc_oc=AdnB9AGYHXRM64Uq3V5BauRUtJJVp7XxLE5uyKcl1-As2y2yAKG9eQwNN5vAir6IdC0&_nc_zt=23&_nc_ht=scontent-lhr6-2.cdninstagram.com&edm=AM6HXa8EAAAA&_nc_gid=32v4RJavfa95adFXzA8pQg&oh=00_AfVA6DhNsEZRVHzvgBN_vZebQ9bn3rez8xDW7r0OxrUwvw&oe=68975B28";"Si todos nos ponemos la camiseta podemos construir un futuro mejor üá¶üá∑
#TECHOArgentina #LeyISU #IntegracionSociourbana #BarriosPopulares #RENABAP";2024-10-29 15:55;"6996";;"6102";;"347";"8";"7";"29";391;;"6.41";;
"3486761277327652047_4362698656";"https://www.instagram.com/reel/DBjduh3s7TP/";"https://scontent-lhr8-2.cdninstagram.com/v/t51.71878-15/503022474_762613269658216_7640459733056818099_n.jpg?stp=dst-jpg_e35_tt6&_nc_cat=101&ccb=1-7&_nc_sid=18de74&_nc_ohc=PdzPH1TSB0QQ7kNvwFdHjWs&_nc_oc=AdmEzY4SkPQHFDuTL9YqENqS7EisS-_oJfGSSiIAK0Z6Dlvu0rZaaOkyUmNbVuUfmcY&_nc_zt=23&_nc_ht=scontent-lhr8-2.cdninstagram.com&edm=AM6HXa8EAAAA&_nc_gid=32v4RJavfa95adFXzA8pQg&oh=00_AfWlRlzyBjo7j7nFYyXxkLjXkHszRWSt3GP6Io4yqS84EQ&oe=68975C43";"Y si dise√±amos una vivienda juntos? üëÄüè†

Queremos desarrollar un prototipo de vivienda definitiva que responda a la emergencia habitacional y para esto necesitamos aliados! ü´±üèº‚Äçü´≤üèΩ

Coment√° ""INNOVACI√ìN"" si quer√©s ser parte del proyecto üì©üß†

#DesarrolloSostenible #innovacioÃÅnsostenible #disenÃÉoarquitectonico #TECHOArgentina #TECHO";2024-10-25 13:39;"7877";;"6913";;"432";"19";"69";"98";618;;"8.94";;
"3481807740843036133_4362698656";"https://www.instagram.com/reel/DBR3bFhJ43l/";"https://scontent-lhr8-2.cdninstagram.com/v/t51.71878-15/504023305_1827541797802796_5729920588591983670_n.jpg?stp=dst-jpg_e35_tt6&_nc_cat=106&ccb=1-7&_nc_sid=18de74&_nc_ohc=5n-oS7Je_n8Q7kNvwH-SGwT&_nc_oc=AdlhF6uW5cskdQrYpZqpt3yw8LSjv2R8BfkgpHKyOowrVNFwhg85ciMeocnbY05_gbw&_nc_zt=23&_nc_ht=scontent-lhr8-2.cdninstagram.com&edm=AM6HXa8EAAAA&_nc_gid=32v4RJavfa95adFXzA8pQg&oh=00_AfXnvGhVfh6JuFbdBi4ZsbINTz4KvCrstc4E_1AyT7mHcQ&oe=68976267";"‚û°Ô∏è TRASCENDER PARA TRANSFORMAR

A 6 a√±os de la sanci√≥n de la Ley 27.453 de Integraci√≥n Socio Urbana, Elisa Carri√≥, Jorge Garc√≠a Cuerva, Fernanda Mi√±o y  Sebasti√°n Welisiejko se reunieron en un panel clave para dialogar sobre los consensos que mejoran a la Argentina üá¶üá∑ 

El encuentro fue impulsado por @techo_argentina @caritasargentina y @fundarpoliticas para poner sobre la mesa que la integraci√≥n socio urbana es el puente necesario para nivelar la cancha contra la pobreza üèòÔ∏è

Pod√©s ver el video completo del panel en el siguiente link: https://bit.ly/6a√±osISU 

#integracionsociourbana #isu #ley27453 #politicaspublicas #argentina";2024-10-18 17:41;"8425";;"7354";;"187";"6";"2";"15";210;;"2.86";;
"3480299514584075350_4362698656";"https://www.instagram.com/reel/DBMgfgWv4xW/";"https://scontent-lhr8-2.cdninstagram.com/v/t51.71878-15/501393768_698935626218412_1268378587820315223_n.jpg?stp=dst-jpg_e35_tt6&_nc_cat=101&ccb=1-7&_nc_sid=18de74&_nc_ohc=bMUM4zV922IQ7kNvwGQqs24&_nc_oc=Adn5guytUCve-LkXToIuDnMj7rkG2TJ0yvvw459zTVByPx0fMKS8TP0tFyAVelF1Xyk&_nc_zt=23&_nc_ht=scontent-lhr8-2.cdninstagram.com&edm=AM6HXa8EAAAA&_nc_gid=32v4RJavfa95adFXzA8pQg&oh=00_AfVz4dIohOjFRObiqTtRwuQ4oYBWscSJLbno78DHVZVe8Q&oe=68975BD0";"üü¢ Nuevo desaf√≠o activado

Ya tenemos 546 viviendas construidas ‚úÖ y gracias a empresas, gobiernos, socios/as, municipios, secundarios y universidades tenemos 385 financiadas ‚úÖ

Nos faltan 70 para lograr nuestro objetivo de construir 1.001, nos ayudas? üíô

Coment√° ""Quiero donar"" y te enviamos el link o sum√° tu donaci√≥n en cafecito.app/techoargentina (link en bio)";2024-10-16 15:41;"17007";;"12124";;"397";"13";"15";"112";537;;"4.43";;
"3475935211515559002_4362698656";"https://www.instagram.com/reel/DA9AKiYqDxa/";"https://scontent-lhr8-1.cdninstagram.com/v/t51.71878-15/503810503_1212189447027886_2640179249113044356_n.jpg?stp=dst-jpg_e35_tt6&_nc_cat=111&ccb=1-7&_nc_sid=18de74&_nc_ohc=F0QvcDaLVGQQ7kNvwE-ZwT0&_nc_oc=Adk1-9C13xf47i5EbOjk5-oMO5OSwROKqZYesnEKTWKxl126YVsd5em_w7zf14WmIEA&_nc_zt=23&_nc_ht=scontent-lhr8-1.cdninstagram.com&edm=AM6HXa8EAAAA&_nc_gid=32v4RJavfa95adFXzA8pQg&oh=00_AfWxKNsfgomq2Cjm5IkIMJwrmIZ6cgon8OIF37Kbn4cdjA&oe=689777A9";"‚öΩ Integraci√≥n socio urbana para nivelar la cancha üèò

Hace 6 a√±os, con apoyo mayoritario del Congreso se sancion√≥ la Ley 27.453. M√°s de 1.5 millones de personas vieron su vida transformada por obras en barrios populares.

Hoy, sin el financiamiento necesario, su continuidad est√° en riesgo.

ü§ù Para que juguemos todos, necesitamos seguir integrando.

@fundarpoliticas @caritasargentina @techo_argentina

#Integraci√≥nUrbana #Ley27453 #RENABAP";2024-10-10 15:10;"21669";;"18714";;"669";"31";"5";"95";800;;"4.27";;
"3469984851322115401_4362698656";"https://www.instagram.com/reel/DAn3NZnCpVJ/";"https://scontent-lhr6-2.cdninstagram.com/v/t51.71878-15/503178825_1253767696272499_4426924466616305493_n.jpg?stp=dst-jpg_e35_tt6&_nc_cat=102&ccb=1-7&_nc_sid=18de74&_nc_ohc=7yPjVhwdTkEQ7kNvwGpQEWe&_nc_oc=AdknDNIZ54SaBBgLgcaZRkPRnkUcs4PTEIAK4iSOTY25TDHakuOpnHdoLmcrKYVttPg&_nc_zt=23&_nc_ht=scontent-lhr6-2.cdninstagram.com&edm=AM6HXa8EAAAA&_nc_gid=32v4RJavfa95adFXzA8pQg&oh=00_AfW7qa8Ua-aAR-Es2YAAyPNBz7YzfHnWlaCw3O5vFr7tJw&oe=68975FED";"‚ö†Ô∏è #C√≥rdoba est√° en riesgo extremo de #incendios forestales.

Los eventos clim√°ticos extremos son cada vez m√°s frecuentes y nos afectan a todos. Aunque la mayor√≠a de los incendios son iniciados por humanos, el cambio clim√°tico acelera y agrava el avance del fuego.

Podemos ser parte de la soluci√≥n. Actuemos juntos.
Te dejamos algunas organizaciones con las que pod√©s colaborar üëá
@Brigada.Forestal.colibri
@sacha.brigada.sms
@brigadachiviquin
@jovenesporelclima.cba

üì∑ Im√°genes de @incendioscordoba";2024-10-02 10:08;"7804";;"6803";;"321";"23";"5";"31";380;;"5.59";;
"3465776372817361658_4362698656";"https://www.instagram.com/reel/DAY6T-kuHr6/";"https://scontent-lhr8-1.cdninstagram.com/v/t51.71878-15/501806402_1383894369482142_1078585200647025710_n.jpg?stp=dst-jpg_e35_tt6&_nc_cat=109&ccb=1-7&_nc_sid=18de74&_nc_ohc=RdFmHvqf_GUQ7kNvwECsGGM&_nc_oc=AdkF-RfRBHOcRY4HiVA0ISy3dIU1pbWjkPdu-2iAeV6yvi4nHvhQ4_jpzFgDOp8wDjQ&_nc_zt=23&_nc_ht=scontent-lhr8-1.cdninstagram.com&edm=AM6HXa8EAAAA&_nc_gid=EpqqyVFmUIAUIaWjPefTPw&oh=00_AfXsW7FrrNtL-z1Ng38SiCmAYtIbGRUqVEytDj1Oxfc9jw&oe=68977160";"Agendate esto porque noviembre se viene con grandes desaf√≠os: queremos hacer 130 viviendas en 1 semana ü§Ø

üìçVamos a estar construyendo en 3 barrios de Concordia, Entre R√≠os: 27 de noviembre, Jos√© Hern√°ndez y La Rocca. 

üóìÔ∏è Sumate como voluntario/a, van a ser dos tandas

üëâTanda 1: lunes 25, martes 26 y mi√©rcoles 27 de noviembre (saliendo el domingo 24 y volviendo el jueves 28)
üëâTanda 2: viernes 29 y s√°bado 30 de noviembre y domingo 1 de diciembre(saliendo el jueves 28 y volviendo el lunes 2)
¬°IMPORTANTE! Si sos manija pod√©s sumarte ambas tandas üòé

üí¨ Coment√° ‚ÄúEntre Rios‚Äù y te enviamos el link de inscripci√≥n o ingres√° a bit.ly/ConstruccionEntreRios

 
Pronto nos pondremos en contacto con vos para confirmar la asistencia ya que los cupos son limitados.";2024-09-26 14:46;"29434";;"20805";;"612";"29";"113";"197";951;;"4.57";;
"3465081828254731094_4362698656";"https://www.instagram.com/reel/DAWcZBiyMtW/";"https://scontent-lhr8-1.cdninstagram.com/v/t51.71878-15/503043571_1111321327502052_1068195384324183976_n.jpg?stp=dst-jpg_e35_tt6&_nc_cat=108&ccb=1-7&_nc_sid=18de74&_nc_ohc=hwdhWl00VkEQ7kNvwFYweSM&_nc_oc=Adk6mAUjDvFGpUcTIzV-B3cuwhbxChPZNcHw8tZp7gZ7J8ZGR9dk7rGxqyoxs0aHvww&_nc_zt=23&_nc_ht=scontent-lhr8-1.cdninstagram.com&edm=AM6HXa8EAAAA&_nc_gid=EpqqyVFmUIAUIaWjPefTPw&oh=00_AfWyPbcuuWIcsLd6ltZpoHv7G46t2WXe7oPRw9QCmd1Uiw&oe=68975825";"¬øDe qu√© hablamos cuando decimos Pol√≠ticas P√∫blicas Ambientales? üå±

#cambioclimatico #pol√≠ticasp√∫blicas #ambiente #habitat #pobreza #desigualdad";2024-09-25 15:51;"5199";;"4399";;"278";"14";"8";"10";310;;"7.05";;
"3450586137653488041_4362698656";"https://www.instagram.com/reel/C_i8c9puSmp/";"https://scontent-lhr8-2.cdninstagram.com/v/t51.71878-15/502973605_721111817107272_4062853455458609567_n.jpg?stp=dst-jpg_e35_tt6&_nc_cat=101&ccb=1-7&_nc_sid=18de74&_nc_ohc=cRWVVEzbuccQ7kNvwEzLnZY&_nc_oc=Adkrs3E8ukKVxqAq6OFb6urMROkP1e-t0OtheZq9JD2yn291QJR8t4maMJR_JZ9rokc&_nc_zt=23&_nc_ht=scontent-lhr8-2.cdninstagram.com&edm=AM6HXa8EAAAA&_nc_gid=EpqqyVFmUIAUIaWjPefTPw&oh=00_AfUJithtU2vvc5AvJhSdxmbk00z-8u82IfBAbllUoecTYg&oe=68976568";"Qui√©n para sumarse a vivir esta experiencia? üí´

#voluntariadoTECHO #construcciones #buenosairessur #TechoArgentina #vlog";2024-09-05 15:49;"7205";;"6362";;"371";"7";"8";"31";417;;"6.55";;
"3429482912338844443_4362698656";"https://www.instagram.com/reel/C-X-InhOpsb/";"https://scontent-lhr8-2.cdninstagram.com/v/t51.71878-15/505809701_1711662709443508_658683104651279068_n.jpg?stp=dst-jpg_e35_tt6&_nc_cat=106&ccb=1-7&_nc_sid=18de74&_nc_ohc=3bDpQQ4mQAsQ7kNvwFK5Jtj&_nc_oc=Adkn6C3Ft4MR-ddkwdJVrWbZPO9zeXxL9kznp2taWzQhyZKHGnHQCmput1yhcvCskTM&_nc_zt=23&_nc_ht=scontent-lhr8-2.cdninstagram.com&edm=AM6HXa8EAAAA&_nc_gid=EpqqyVFmUIAUIaWjPefTPw&oh=00_AfUnjgiaB0dJ3XL4ThNKkMe7W4ka-ljoj3HcIkFcPgbdEg&oe=6897663E";"Vos tambi√©n podes ser parte de esta transformaci√≥n üíô

Demostremos el poder del hacer y el potencial de hacer grandes cosas cuando unimos fuerzas. Porque ser argentino es estar ah√≠, d√°ndolo todo.¬†

Sumate como voluntario en bit.ly/voluntariadoenTECHO¬†üá¶üá∑

#argentinidad #voluntariado #techo #elpoderdelhacer #wos";2024-08-07 13:05;"14070";;"11026";;"593";"20";"14";"58";685;;"6.21";;
"3428837084213407819_4362698656";"https://www.instagram.com/reel/C-VrSlNOfBL/";"https://scontent-lhr6-2.cdninstagram.com/v/t51.71878-15/503321433_1262687108628648_8816491713915966206_n.jpg?stp=dst-jpg_e35_tt6&_nc_cat=104&ccb=1-7&_nc_sid=18de74&_nc_ohc=fvM86psB1iMQ7kNvwHQzPGN&_nc_oc=AdlVyX2poe-wQSITUExSYuIIf-g8vP94fG5BdOmgqE-nF4aJyHeLMzbPLtZXsseYGS4&_nc_zt=23&_nc_ht=scontent-lhr6-2.cdninstagram.com&edm=AM6HXa8EAAAA&_nc_gid=EpqqyVFmUIAUIaWjPefTPw&oh=00_AfUxtT8cEt0nEX2dOizsL7JcC2S2eDYlv7qAXsLCEHdNhQ&oe=68975762";"La trama en el voluntariado m√°s famoso del pa√≠s se puso misteriosa üëÄ

No hay experiencia que se compare, que no te la cuenten. Mir√° el #vlog completo en YouTube (link en bio) y sumate a la pr√≥xima construcci√≥n en bit.ly/voluntariadoenTECHO üòâ

#voluntariado #elpoderdelhacer #techo #argentinidad #Misiones";2024-08-06 15:51;"7743";;"5769";;"455";"12";"9";"15";491;;"8.51";;
