Image;URL;Title;Date;Link;Type;Views;Likes;Comments;Shares;Reach;Duration;Engagement;Full video watched rate;Total time watched seconds;Avg. time watched seconds;For You;Follow;Hashtag;Sound;Personal profile;Search
"https://static.metricool.com/tkvideocovers/202507/2460321-7530274152196869432.jpeg";"https://www.tiktok.com/@techo_arg/video/7530274152196869432?utm_campaign=tt4d_open_api&utm_source=6853989043827376134";"tamos en todo el pa√≠s üá¶üá∑ü´∂ #voluntariado ";2025-07-23 10:49;"https://www.tiktok.com/player/v1/7530274152196869432?music_info=1&description=1&autoplay=1&loop=1&utm_campaign=tt4d_open_api&utm_source=6853989043827376134";"VIDEO";1110;76;4;4;913;40;"9.2";"0.03";"7938";"7.15";"83";"0.8";;"0";"3.3";"6.1"
"https://static.metricool.com/tkvideocovers/202507/2460321-7525902207602969861.jpeg";"https://www.tiktok.com/@techo_arg/video/7525902207602969861?utm_campaign=tt4d_open_api&utm_source=6853989043827376134";"pov: sos voluntario/a de TECHO ü•πü©µü´Çüá¶üá∑";2025-07-11 16:04;"https://www.tiktok.com/player/v1/7525902207602969861?music_info=1&description=1&autoplay=1&loop=1&utm_campaign=tt4d_open_api&utm_source=6853989043827376134";"VIDEO";778;38;2;2;620;40;"6.77";"0.01";"2990";"3.84";"77.8";"0";;"0";"9.4";"4.4"
"https://static.metricool.com/tkvideocovers/202507/2460321-7525899928376233222.jpeg";"https://www.tiktok.com/@techo_arg/video/7525899928376233222?utm_campaign=tt4d_open_api&utm_source=6853989043827376134";"hola gente ac√° desde #tucuman ";2025-07-11 15:55;"https://www.tiktok.com/player/v1/7525899928376233222?music_info=1&description=1&autoplay=1&loop=1&utm_campaign=tt4d_open_api&utm_source=6853989043827376134";"VIDEO";956;62;3;0;801;37;"8.11";"0.03";"5685";"5.97";"87.3";"0";;"0";"6.1";"1.9"
"https://static.metricool.com/tkvideocovers/202507/2460321-7524754772000312581.jpeg";"https://www.tiktok.com/@techo_arg/video/7524754772000312581?utm_campaign=tt4d_open_api&utm_source=6853989043827376134";"sumate al voluntariado ü©µ #voluntarios #argentina ";2025-07-08 13:51;"https://www.tiktok.com/player/v1/7524754772000312581?music_info=1&description=1&autoplay=1&loop=1&utm_campaign=tt4d_open_api&utm_source=6853989043827376134";"VIDEO";949;65;3;4;753;33;"9.56";"0.05";"5064";"5.33";"80.1";"0.5";;"0";"7.9";"4.1"
"https://static.metricool.com/tkvideocovers/202507/2460321-7524718076336557318.jpeg";"https://www.tiktok.com/@techo_arg/video/7524718076336557318?utm_campaign=tt4d_open_api&utm_source=6853989043827376134";"5 millones de personas ü§Ø #voluntariado ";2025-07-08 11:29;"https://www.tiktok.com/player/v1/7524718076336557318?music_info=1&description=1&autoplay=1&loop=1&utm_campaign=tt4d_open_api&utm_source=6853989043827376134";"VIDEO";901;46;2;4;746;19;"6.97";"0.09";"6009";"6.61";"83.9";"1";;"0";"7.3";"1.7"
"https://static.metricool.com/tkvideocovers/202507/2460321-7524331778752908549.jpeg";"https://www.tiktok.com/@techo_arg/video/7524331778752908549?utm_campaign=tt4d_open_api&utm_source=6853989043827376134";"";2025-07-07 10:30;"https://www.tiktok.com/player/v1/7524331778752908549?music_info=1&description=1&autoplay=1&loop=1&utm_campaign=tt4d_open_api&utm_source=6853989043827376134";"VIDEO";556;38;1;0;451;33;"8.65";"0.04";"3212";"5.72";"76.2";"0.5";;"0";"11";"0.9"
"https://static.metricool.com/tkvideocovers/202507/2460321-7522148051172003077.jpeg";"https://www.tiktok.com/@techo_arg/video/7522148051172003077?utm_campaign=tt4d_open_api&utm_source=6853989043827376134";"ser voluntario/a es: ü©µ";2025-07-01 13:16;"https://www.tiktok.com/player/v1/7522148051172003077?music_info=1&description=1&autoplay=1&loop=1&utm_campaign=tt4d_open_api&utm_source=6853989043827376134";"VIDEO";602;55;1;0;504;18;"11.11";"0.11";"3373";"5.46";"75.4";"1.6";;"0";"12.1";"4.4"
"https://static.metricool.com/tkvideocovers/202506/2460321-7520652569073552696.jpeg";"https://www.tiktok.com/@techo_arg/video/7520652569073552696?utm_campaign=tt4d_open_api&utm_source=6853989043827376134";"aguante la m√∫sica y este equipo de voluntarios/as increibles ü•∫ü•πüé∂üíñüèòü´Çüá¶üá∑";2025-06-27 12:33;"https://www.tiktok.com/player/v1/7520652569073552696?music_info=1&description=1&autoplay=1&loop=1&utm_campaign=tt4d_open_api&utm_source=6853989043827376134";"VIDEO";1963;181;11;21;1633;59;"13.04";"0.05";"18194";"9.24";"86.7";"0.5";;"0";"6.3";"2.2"
"https://static.metricool.com/tkvideocovers/202506/2460321-7519609104738946310.jpeg";"https://www.tiktok.com/@techo_arg/video/7519609104738946310?utm_campaign=tt4d_open_api&utm_source=6853989043827376134";"La m√∫sica no solo se escucha. Se siente, nos atraviesa, nos une y transforma la realidad. Vos tambi√©n podes sumarte a construir la Argentina que queremos. Coment√° ""Voluntariado"" y te mandamos el link de inscripci√≥n! La realidad est√° cantada. Escuchala y activ√°. #LaRealidadEst√°Cantada #TECHO #Voluntariado";2025-06-24 17:03;"https://www.tiktok.com/player/v1/7519609104738946310?music_info=1&description=1&autoplay=1&loop=1&utm_campaign=tt4d_open_api&utm_source=6853989043827376134";"VIDEO";986;68;0;3;831;51;"8.54";"0.01";"7373";"7.47";"83.5";"0.8";;"0";"8";"2.1"
"https://static.metricool.com/tkvideocovers/202505/2460321-7501405109549681926.jpeg";"https://www.tiktok.com/@techo_arg/video/7501405109549681926?utm_campaign=tt4d_open_api&utm_source=6853989043827376134";"ya tenes tu plan para este finde üèÉ‚Äç‚ôÄÔ∏èüèÉ‚Äç‚ôÄÔ∏è @Valen Hansen ";2025-05-06 15:43;"https://www.tiktok.com/player/v1/7501405109549681926?music_info=1&description=1&autoplay=1&loop=1&utm_campaign=tt4d_open_api&utm_source=6853989043827376134";"VIDEO";1474;55;0;3;1142;29;"5.08";"0.03";"7013";"4.79";"73.6";"0.7";;"0";"8.7";"9.8"
"https://static.metricool.com/tkvideocovers/202504/2460321-7497337297491250437.jpeg";"https://www.tiktok.com/@techo_arg/video/7497337297491250437?utm_campaign=tt4d_open_api&utm_source=6853989043827376134";"bancan techinis??? comenten cu√°l voluntarini nos falta  #italianbrainrotanimal #italianbrainrot #volunteer";2025-04-25 16:37;"https://www.tiktok.com/player/v1/7497337297491250437?music_info=1&description=1&autoplay=1&loop=1&utm_campaign=tt4d_open_api&utm_source=6853989043827376134";"VIDEO";2481;167;6;35;1966;23;"10.58";"0.07";"13598";"5.47";"82.2";"1.3";;"0";"7.2";"2.7"
"https://static.metricool.com/tkvideocovers/202504/2460321-7496956288564219191.jpeg";"https://www.tiktok.com/@techo_arg/video/7496956288564219191?utm_campaign=tt4d_open_api&utm_source=6853989043827376134";"pov: vas a una construcci√≥n nacional #volunteer ";2025-04-24 15:59;"https://www.tiktok.com/player/v1/7496956288564219191?music_info=1&description=1&autoplay=1&loop=1&utm_campaign=tt4d_open_api&utm_source=6853989043827376134";"VIDEO";1126;63;0;9;905;20;"7.96";"0.02";"4417";"3.92";"75.8";"0.6";;"0";"14.6";"1.6"
"https://static.metricool.com/tkvideocovers/202504/2460321-7496952211872812294.jpeg";"https://www.tiktok.com/@techo_arg/video/7496952211872812294?utm_campaign=tt4d_open_api&utm_source=6853989043827376134";"donde esta la #promo25üéì‚ú®Ô∏è cuando se la necesita ???!!!";2025-04-24 15:43;"https://www.tiktok.com/player/v1/7496952211872812294?music_info=1&description=1&autoplay=1&loop=1&utm_campaign=tt4d_open_api&utm_source=6853989043827376134";"VIDEO";851;47;4;1;655;50;"7.94";"0.04";"7249";"8.6";"69";"2";;"0";"17.2";"3.7"
"https://static.metricool.com/tkvideocovers/202504/2460321-7493148991723523383.jpeg";"https://www.tiktok.com/@techo_arg/video/7493148991723523383?utm_campaign=tt4d_open_api&utm_source=6853989043827376134";"Mand√°selo a tus amigos/as con quienes te gustar√≠a construir una Argentina donde nadie viva en un piso de tierra üí™ #voluntariados #fyppppppppppppppppppppppp #creatorsearchinsights";2025-04-14 09:45;"https://www.tiktok.com/player/v1/7493148991723523383?music_info=1&description=1&autoplay=1&loop=1&utm_campaign=tt4d_open_api&utm_source=6853989043827376134";"VIDEO";1483;84;4;3;1133;24;"8.03";"0.07";"9088";"6.4";"65.6";"1.3";;"0";"11";"14.1"
"https://static.metricool.com/tkvideocovers/202503/2460321-7486224902693981445.jpeg";"https://www.tiktok.com/@techo_arg/video/7486224902693981445?utm_campaign=tt4d_open_api&utm_source=6853989043827376134";"La pasi√≥n de vivir #ungolxuntecho üá¶üá∑‚öΩÔ∏èüíô @afaseleccion #argentina #brasil #futbol #eliminatorias ";2025-03-26 17:56;"https://www.tiktok.com/player/v1/7486224902693981445?music_info=1&description=1&autoplay=1&loop=1&utm_campaign=tt4d_open_api&utm_source=6853989043827376134";"VIDEO";805;72;0;2;602;82;"12.29";"0.03";"6427";"8.05";"58.9";"3.5";;"0";"21.7";"6.8"
"https://static.metricool.com/tkvideocovers/202503/2460321-7476864120952851767.jpeg";"https://www.tiktok.com/@techo_arg/video/7476864120952851767?utm_campaign=tt4d_open_api&utm_source=6853989043827376134";"En @techo_org , estamos comprometidos no solo con reconstruir, sino con reimaginar: buscamos construir un futuro donde cada familia pueda vivir en un hogar seguro y sostenible, resistente ante los desaf√≠os del cambio clim√°tico. #ViviendaResiliente #ROOH #RacetoResilience #TECHO";2025-03-01 12:31;"https://www.tiktok.com/player/v1/7476864120952851767?music_info=1&description=1&autoplay=1&loop=1&utm_campaign=tt4d_open_api&utm_source=6853989043827376134";"VIDEO";1730;124;1;4;1416;65;"9.11";"0.02";"14224";"8.26";"71.9";"0.6";;"0";"12.5";"11"
"https://static.metricool.com/tkvideocovers/202502/2460321-7476130012404436229.jpeg";"https://www.tiktok.com/@techo_arg/video/7476130012404436229?utm_campaign=tt4d_open_api&utm_source=6853989043827376134";"Tu aporte nos permite seguir trabajando en transformar la realidad de los barrios populares de Argentina. Sumate a la comunidad de socios/as üíô *Ingres√° al link en nuestro perfil o coment√° ""comunidad"" y te mandamos por privado üíå";2025-02-27 13:02;"https://www.tiktok.com/player/v1/7476130012404436229?music_info=1&description=1&autoplay=1&loop=1&utm_campaign=tt4d_open_api&utm_source=6853989043827376134";"VIDEO";981;81;0;2;863;33;"9.62";"0.02";"6304";"6.41";"68.3";"0.5";;"0";"20.8";"3"
"https://static.metricool.com/tkvideocovers/202502/2460321-7475820968632667398.jpeg";"https://www.tiktok.com/@techo_arg/video/7475820968632667398?utm_campaign=tt4d_open_api&utm_source=6853989043827376134";"Recuerdo de nuestra √∫ltima construcci√≥n nacional üõ†Ô∏èüíô 131 viviendas en Concordia, Entre R√≠os. Est√°n listos para la pr√≥xima? üëÄüëÄüëÄüëÄ";2025-02-26 17:03;"https://www.tiktok.com/player/v1/7475820968632667398?music_info=1&description=1&autoplay=1&loop=1&utm_campaign=tt4d_open_api&utm_source=6853989043827376134";"VIDEO";978;80;1;7;753;221;"11.69";"0.01";"11583";"11.87";"67.3";"0.6";;"0";"24";"2"
"https://static.metricool.com/tkvideocovers/202502/2460321-7473161319152143621.jpeg";"https://www.tiktok.com/@techo_arg/video/7473161319152143621?utm_campaign=tt4d_open_api&utm_source=6853989043827376134";"Es oficial, tenemos una nueva herramienta üî© #punzontechero";2025-02-19 13:02;"https://www.tiktok.com/player/v1/7473161319152143621?music_info=1&description=1&autoplay=1&loop=1&utm_campaign=tt4d_open_api&utm_source=6853989043827376134";"VIDEO";2350;156;0;8;2033;30;"8.07";"0.04";"25160";"10.68";"85.1";"0";;"0";"8.4";"3.7"
"https://static.metricool.com/tkvideocovers/202502/2460321-7471298070320401669.jpeg";"https://www.tiktok.com/@techo_arg/video/7471298070320401669?utm_campaign=tt4d_open_api&utm_source=6853989043827376134";"Alguna vez te preguntaste qu√© es el trabajo comunitario? üëÄ Dentro de un barrio popular hay muchas personas que se organizan y trabajan para mejorar las condiciones en las que viven. Araceli es una de ellas y nos cuenta como es su d√≠a a d√≠a üí™";2025-02-14 12:32;"https://www.tiktok.com/player/v1/7471298070320401669?music_info=1&description=1&autoplay=1&loop=1&utm_campaign=tt4d_open_api&utm_source=6853989043827376134";"VIDEO";731;34;0;1;598;119;"5.85";"0";"3684";"5.06";"63.2";"0.5";;"0";"22.9";"8.2"
"https://static.metricool.com/tkvideocovers/202502/2460321-7469813569836600582.jpeg";"https://www.tiktok.com/@techo_arg/video/7469813569836600582?utm_campaign=tt4d_open_api&utm_source=6853989043827376134";"Creemos que es posible construir una sociedad sin violencia y para todos üíô Encontrarse en comunidad, charlar, debatir y escuchar nos acerca y nos permite construir una mejor convivencia. Qu√© cosas haces para llevarte mejor con qui√©n tenes al lado?";2025-02-10 12:31;"https://www.tiktok.com/player/v1/7469813569836600582?music_info=1&description=1&autoplay=1&loop=1&utm_campaign=tt4d_open_api&utm_source=6853989043827376134";"VIDEO";802;40;0;0;678;65;"5.9";"0";"3283";"4.08";"68.7";"0.9";;"0";"18.1";"6.2"
"https://static.metricool.com/tkvideocovers/202502/2460321-7467649565127150853.jpeg";"https://www.tiktok.com/@techo_arg/video/7467649565127150853?utm_campaign=tt4d_open_api&utm_source=6853989043827376134";"Si estabas pensando en hacer un voluntariado esta es tu se√±al ‚ú®#creatorsearchinsights #fyppppppppppppppppppppppp #voluntariados";2025-02-04 16:34;"https://www.tiktok.com/player/v1/7467649565127150853?music_info=1&description=1&autoplay=1&loop=1&utm_campaign=tt4d_open_api&utm_source=6853989043827376134";"VIDEO";1440;107;1;9;1159;56;"10.09";"0.02";"11885";"8.26";"64.8";"0";;"0";"10.7";"18.1"
"https://static.metricool.com/tkvideocovers/202501/2460321-7466070471117671685.jpeg";"https://www.tiktok.com/@techo_arg/video/7466070471117671685?utm_campaign=tt4d_open_api&utm_source=6853989043827376134";"Lo que vivimos no lo pueden apagar üíô #fyppppppppppppppppppppppp#creatorsearchinsights #comunidadtechera #voluntariadotecho #techoargentina";2025-01-31 10:26;"https://www.tiktok.com/player/v1/7466070471117671685?music_info=1&description=1&autoplay=1&loop=1&utm_campaign=tt4d_open_api&utm_source=6853989043827376134";"VIDEO";1736;133;2;2;1339;107;"10.23";"0.01";"19018";"11.11";"66.2";"0";;"0";"8.4";"20.1"
"https://static.metricool.com/tkvideocovers/202412/2460321-7451630354269523205.jpeg";"https://www.tiktok.com/@techo_arg/video/7451630354269523205?utm_campaign=tt4d_open_api&utm_source=6853989043827376134";"Reflexi√≥n de find de a√±o ‚û°Ô∏è ¬øuna casa mejora la salud mental? ü§î #psicologia #vivienda #habitat #saludmental";2024-12-23 12:31;"https://www.tiktok.com/player/v1/7451630354269523205?music_info=1&description=1&autoplay=1&loop=1&utm_campaign=tt4d_open_api&utm_source=6853989043827376134";"VIDEO";1440;106;0;1;1181;113;"9.06";"0.01";"11073";"7.72";"79";"2.4";;"0";"8.9";"3.8"
"https://static.metricool.com/tkvideocovers/202412/2460321-7447992174072925446.jpeg";"https://www.tiktok.com/@techo_arg/video/7447992174072925446?utm_campaign=tt4d_open_api&utm_source=6853989043827376134";"Estuvimos a full en el #BSASTRAP alguno pas√≥ por nuestra intervenci√≥n?";2024-12-13 17:14;"https://www.tiktok.com/player/v1/7447992174072925446?music_info=1&description=1&autoplay=1&loop=1&utm_campaign=tt4d_open_api&utm_source=6853989043827376134";"VIDEO";1156;86;0;3;942;41;"9.45";"0.03";"7398";"6.32";"79.2";"2.7";;"0";"8.8";"2"
"https://static.metricool.com/tkvideocovers/202412/2460321-7447628986454215941.jpeg";"https://www.tiktok.com/@techo_arg/video/7447628986454215941?utm_campaign=tt4d_open_api&utm_source=6853989043827376134";"Llegamos al #BSASTRAP algui√©n pas√≥ por nuestra intervenci√≥n?";2024-12-12 17:44;"https://www.tiktok.com/player/v1/7447628986454215941?music_info=1&description=1&autoplay=1&loop=1&utm_campaign=tt4d_open_api&utm_source=6853989043827376134";"VIDEO";591;58;1;0;486;60;"12.14";"0.01";"7363";"11.5";"61.5";"2.2";;"0";"16.4";"1.6"
"https://static.metricool.com/tkvideocovers/202411/2460321-7440201632295521592.jpg";"https://www.tiktok.com/@techo_arg/video/7440201632295521592?utm_campaign=tt4d_open_api&utm_source=6853989043827376134";"cada vez m√°s cerca de lograrlo üèò‚úÖÔ∏èüá¶üá∑ü•∫‚ú®Ô∏è";2024-11-22 17:22;"https://www.tiktok.com/player/v1/7440201632295521592?music_info=1&description=1&autoplay=1&loop=1&utm_campaign=tt4d_open_api&utm_source=6853989043827376134";"PHOTO";1019;58;0;5;757;0;"8.32";"0.17";"4274";"4.2";"73.6";"2.8";;"0";"10.3";"7"
"https://static.metricool.com/tkvideocovers/202411/2460321-7439713329905503544.jpeg";"https://www.tiktok.com/@techo_arg/video/7439713329905503544?utm_campaign=tt4d_open_api&utm_source=6853989043827376134";"Con tu donaci√≥n est√°s logrando que 1.001 familias terminen el a√±o bajo un techo seguro  Sumate y don√° en link.mercadopago.com.ar/colectatecho2024 (link en bio)";2024-11-21 09:47;"https://www.tiktok.com/player/v1/7439713329905503544?music_info=1&description=1&autoplay=1&loop=1&utm_campaign=tt4d_open_api&utm_source=6853989043827376134";"VIDEO";229;16;1;0;168;57;"10.12";"0";"1370";"6.14";"22.9";"3.6";;"0";"43.4";"9.9"
"https://static.metricool.com/tkvideocovers/202411/2460321-7437136278858075447.jpeg";"https://www.tiktok.com/@techo_arg/video/7437136278858075447?utm_campaign=tt4d_open_api&utm_source=6853989043827376134";"Abrimos el consultorio emocional üß† #creatorsearchinsights";2024-11-14 11:07;"https://www.tiktok.com/player/v1/7437136278858075447?music_info=1&description=1&autoplay=1&loop=1&utm_campaign=tt4d_open_api&utm_source=6853989043827376134";"VIDEO";763;47;1;0;579;113;"8.29";"0.01";"4275";"5.43";"70.1";"1.3";;"0";"11.4";"5.8"
